kernel,batch,block,grid,median_total_ms,throughput_ops_s
sha3_512_n,1,16,1,0.412351996,2425.112550
sha3_512_n,1,32,1,0.429024011,2330.871873
sha3_512_n,1,64,1,0.423808008,2359.558999
sha3_512_n,1,128,1,0.453536004,2204.896616
sha3_512_n,1,192,1,0.234175995,4270.292521
sha3_512_n,1,256,1,0.394623995,2534.057769
sha3_512_n,1,512,1,0.419263989,2385.132105
gen_matrix_n,1,16,1,4.684800148,213.456277
gen_matrix_n,1,32,1,4.749311924,210.556817
gen_matrix_n,1,64,1,4.461567879,224.136453
gen_matrix_n,1,128,1,4.738047600,211.057398
gen_matrix_n,1,192,1,4.721663952,211.789744
gen_matrix_n,1,256,1,4.392959595,227.636967
poly_getnoise,1,16,1,0.613375962,1630.321471
poly_getnoise,1,32,1,0.614399970,1627.604247
poly_getnoise,1,64,1,0.610303938,1638.527850
poly_getnoise,1,128,1,0.612351954,1633.047782
poly_getnoise,1,192,1,0.617471993,1619.506652
poly_getnoise,1,256,1,0.616447985,1622.196883
polyvec_ntt_n,1,16,1,14.911488533,67.062386
polyvec_ntt_n,1,32,1,16.139263153,61.960697
polyvec_ntt_n,1,64,1,15.062016487,66.392173
polyvec_ntt_n,1,128,1,16.045055389,62.324497
polyvec_ntt_n,1,192,1,16.122879028,62.023662
polyvec_ntt_n,1,256,1,16.375808716,61.065686
polyvec_ntt_n,1,512,1,14.649343491,68.262445
polyvec_ntt_n,1,1024,1,10.308608055,97.006307
polyvec_pointwise_acc_n,1,16,1,20.140031815,49.652355
polyvec_pointwise_acc_n,1,32,1,21.335039139,46.871252
polyvec_pointwise_acc_n,1,64,1,20.064256668,49.839873
polyvec_pointwise_acc_n,1,128,1,20.940801620,47.753664
polyvec_pointwise_acc_n,1,192,1,21.600255966,46.295748
polyvec_pointwise_acc_n,1,256,1,20.858880997,47.941210
polyvec_pointwise_acc_n,1,512,1,17.832960129,56.075940
polyvec_pointwise_acc_n,1,1024,1,12.727135658,78.572275
poly_frommont_n,1,16,1,0.290816009,3438.600245
poly_frommont_n,1,32,1,0.291840017,3426.534890
poly_frommont_n,1,64,1,0.289792001,3450.750869
poly_frommont_n,1,128,1,0.290816009,3438.600245
poly_frommont_n,1,192,1,0.289792001,3450.750869
poly_frommont_n,1,256,1,0.290816009,3438.600245
poly_frommont_n,1,512,1,0.290816009,3438.600245
poly_frommont_n,1,1024,1,0.289792001,3450.750869
polyvec_add_n,1,16,1,0.478208005,2091.140233
polyvec_add_n,1,32,1,0.478208005,2091.140233
polyvec_add_n,1,64,1,0.479232013,2086.671951
polyvec_add_n,1,128,1,0.478208005,2091.140233
polyvec_add_n,1,192,1,0.480256021,2082.222723
polyvec_add_n,1,256,1,0.478208005,2091.140233
polyvec_add_n,1,512,1,0.477183998,2095.627693
polyvec_add_n,1,1024,1,0.481279999,2077.792557
polyvec_reduce_n,1,16,1,0.566272020,1765.935741
polyvec_reduce_n,1,32,1,0.566272020,1765.935741
polyvec_reduce_n,1,64,1,0.565248013,1769.134925
polyvec_reduce_n,1,128,1,0.566272020,1765.935741
polyvec_reduce_n,1,192,1,0.566272020,1765.935741
polyvec_reduce_n,1,256,1,0.567296028,1762.748108
polyvec_reduce_n,1,512,1,0.565248013,1769.134925
polyvec_reduce_n,1,1024,1,0.480928004,2079.313311
pack_sk_n,1,16,1,0.356352001,2806.214069
pack_sk_n,1,32,1,0.355327994,2814.301203
pack_sk_n,1,64,1,0.355327994,2814.301203
pack_sk_n,1,128,1,0.356352001,2806.214069
pack_sk_n,1,192,1,0.356352001,2806.214069
pack_sk_n,1,256,1,0.355327994,2814.301203
pack_sk_n,1,512,1,0.355327994,2814.301203
pack_sk_n,1,1024,1,0.355327994,2814.301203
pack_pk_n,1,16,1,0.359423995,2782.229383
pack_pk_n,1,32,1,0.359423995,2782.229383
pack_pk_n,1,64,1,0.358399987,2790.178671
pack_pk_n,1,128,1,0.359423995,2782.229383
pack_pk_n,1,192,1,0.357376009,2798.173280
pack_pk_n,1,256,1,0.359423995,2782.229383
pack_pk_n,1,512,1,0.359423995,2782.229383
pack_pk_n,1,1024,1,0.359423995,2782.229383
unpack_pk_n,1,16,1,0.132095993,7570.252364
unpack_pk_n,1,32,1,0.133120000,7512.019210
unpack_pk_n,1,64,1,0.133120000,7512.019210
unpack_pk_n,1,128,1,0.132095993,7570.252364
unpack_pk_n,1,192,1,0.133120000,7512.019210
unpack_pk_n,1,256,1,0.132095993,7570.252364
unpack_pk_n,1,512,1,0.132095993,7570.252364
unpack_pk_n,1,1024,1,0.132095993,7570.252364
poly_frommsg_n,1,16,1,0.035840001,27901.784969
poly_frommsg_n,1,32,1,0.035840001,27901.784969
poly_frommsg_n,1,64,1,0.035840001,27901.784969
poly_frommsg_n,1,128,1,0.036864001,27126.735152
poly_frommsg_n,1,192,1,0.035840001,27901.784969
poly_frommsg_n,1,256,1,0.035840001,27901.784969
poly_frommsg_n,1,512,1,0.036864001,27126.735152
poly_frommsg_n,1,1024,1,0.035840001,27901.784969
polyvec_invntt_n,1,16,1,3.128319979,319.660395
polyvec_invntt_n,1,32,1,3.257344007,306.998585
polyvec_invntt_n,1,64,1,3.080192089,324.655077
polyvec_invntt_n,1,128,1,3.266560078,306.132438
polyvec_invntt_n,1,192,1,3.258368015,306.902104
polyvec_invntt_n,1,256,1,3.277823925,305.080451
polyvec_invntt_n,1,512,1,2.443264008,409.288557
polyvec_invntt_n,1,1024,1,2.100224018,476.139684
poly_invntt_n,1,16,1,0.818176031,1222.230867
poly_invntt_n,1,32,1,0.818176031,1222.230867
poly_invntt_n,1,64,1,0.817152023,1223.762496
poly_invntt_n,1,128,1,0.819199979,1220.703156
poly_invntt_n,1,192,1,0.816128016,1225.297969
poly_invntt_n,1,256,1,0.818176031,1222.230867
poly_invntt_n,1,512,1,0.819199979,1220.703156
poly_invntt_n,1,1024,1,0.814080000,1228.380503
poly_add_n,1,16,1,0.123903997,8070.764642
poly_add_n,1,32,1,0.124927998,8004.610810
poly_add_n,1,64,1,0.124927998,8004.610810
poly_add_n,1,128,1,0.124927998,8004.610810
poly_add_n,1,192,1,0.123903997,8070.764642
poly_add_n,1,256,1,0.123903997,8070.764642
poly_add_n,1,512,1,0.123903997,8070.764642
poly_add_n,1,1024,1,0.124927998,8004.610810
poly_reduce_n,1,16,1,0.143360004,6975.446242
poly_reduce_n,1,32,1,0.143360004,6975.446242
poly_reduce_n,1,64,1,0.144383997,6925.975334
poly_reduce_n,1,128,1,0.143360004,6975.446242
poly_reduce_n,1,192,1,0.143360004,6975.446242
poly_reduce_n,1,256,1,0.143360004,6975.446242
poly_reduce_n,1,512,1,0.142336011,7025.628957
poly_reduce_n,1,1024,1,0.118624002,8429.997179
pack_ciphertext_n,1,16,1,0.422912002,2364.558102
pack_ciphertext_n,1,32,1,0.423936009,2358.846566
pack_ciphertext_n,1,64,1,0.422912002,2364.558102
pack_ciphertext_n,1,128,1,0.422912002,2364.558102
pack_ciphertext_n,1,192,1,0.421887994,2370.297365
pack_ciphertext_n,1,256,1,0.422912002,2364.558102
pack_ciphertext_n,1,512,1,0.422912002,2364.558102
pack_ciphertext_n,1,1024,1,0.424959987,2353.162720
unpack_ciphertext_n,1,16,1,0.177151993,5644.870168
unpack_ciphertext_n,1,32,1,0.176128000,5677.688953
unpack_ciphertext_n,1,64,1,0.177151993,5644.870168
unpack_ciphertext_n,1,128,1,0.177151993,5644.870168
unpack_ciphertext_n,1,192,1,0.177151993,5644.870168
unpack_ciphertext_n,1,256,1,0.176128000,5677.688953
unpack_ciphertext_n,1,512,1,0.176128000,5677.688953
unpack_ciphertext_n,1,1024,1,0.176128000,5677.688953
unpack_sk_n,1,16,1,0.129023999,7750.496093
unpack_sk_n,1,32,1,0.129023999,7750.496093
unpack_sk_n,1,64,1,0.128000006,7812.499629
unpack_sk_n,1,128,1,0.129023999,7750.496093
unpack_sk_n,1,192,1,0.128000006,7812.499629
unpack_sk_n,1,256,1,0.129023999,7750.496093
unpack_sk_n,1,512,1,0.129023999,7750.496093
unpack_sk_n,1,1024,1,0.129023999,7750.496093
poly_sub_n,1,16,1,0.062463999,16009.221620
poly_sub_n,1,32,1,0.062463999,16009.221620
poly_sub_n,1,64,1,0.062463999,16009.221620
poly_sub_n,1,128,1,0.063487999,15751.008278
poly_sub_n,1,192,1,0.062463999,16009.221620
poly_sub_n,1,256,1,0.062463999,16009.221620
poly_sub_n,1,512,1,0.062463999,16009.221620
poly_sub_n,1,1024,1,0.061439998,16276.042078
poly_tomsg_n,1,16,1,0.108543999,9212.853817
poly_tomsg_n,1,32,1,0.108543999,9212.853817
poly_tomsg_n,1,64,1,0.108543999,9212.853817
poly_tomsg_n,1,128,1,0.108543999,9212.853817
poly_tomsg_n,1,192,1,0.108543999,9212.853817
poly_tomsg_n,1,256,1,0.108543999,9212.853817
poly_tomsg_n,1,512,1,0.108543999,9212.853817
poly_tomsg_n,1,1024,1,0.108543999,9212.853817
sha3_512_n,32,16,2,0.054336000,588928.148231
sha3_512_n,32,32,1,0.431488007,74161.968486
sha3_512_n,32,64,1,0.431456000,74167.470214
sha3_512_n,32,128,1,0.437088013,73211.799616
sha3_512_n,32,192,1,0.431392014,74178.470995
sha3_512_n,32,256,1,0.442559987,72306.581973
sha3_512_n,32,512,1,0.435072005,73551.043614
gen_matrix_n,32,16,2,3.199968100,10000.099690
gen_matrix_n,32,32,1,6.511615753,4914.294887
gen_matrix_n,32,64,1,6.274047852,5100.375508
gen_matrix_n,32,128,1,5.908479691,5415.944824
gen_matrix_n,32,192,1,6.089727879,5254.750399
gen_matrix_n,32,256,1,6.241280079,5127.153340
poly_getnoise,32,16,2,0.503071964,63609.189745
poly_getnoise,32,32,1,0.550912023,58085.499477
poly_getnoise,32,64,1,0.543744028,58851.221117
poly_getnoise,32,128,1,0.545792043,58630.389355
poly_getnoise,32,192,1,0.551936090,57977.727096
poly_getnoise,32,256,1,0.552960038,57870.366374
polyvec_ntt_n,32,16,2,10.003263474,3198.956029
polyvec_ntt_n,32,32,1,16.237567902,1970.738487
polyvec_ntt_n,32,64,1,15.680512428,2040.749634
polyvec_ntt_n,32,128,1,15.845376968,2019.516485
polyvec_ntt_n,32,192,1,15.813632965,2023.570426
polyvec_ntt_n,32,256,1,15.819776535,2022.784578
polyvec_ntt_n,32,512,1,15.545343399,2058.494250
polyvec_ntt_n,32,1024,1,15.641599655,2045.826559
polyvec_pointwise_acc_n,32,16,2,11.110208511,2880.233973
polyvec_pointwise_acc_n,32,32,1,20.873216629,1533.065103
polyvec_pointwise_acc_n,32,64,1,20.430849075,1566.258939
polyvec_pointwise_acc_n,32,128,1,19.578880310,1634.414200
polyvec_pointwise_acc_n,32,192,1,19.299327850,1658.088833
polyvec_pointwise_acc_n,32,256,1,20.327425003,1574.227921
polyvec_pointwise_acc_n,32,512,1,18.867200851,1696.065052
polyvec_pointwise_acc_n,32,1024,1,19.735551834,1621.439333
poly_frommont_n,32,16,2,0.243456006,131440.585587
poly_frommont_n,32,32,1,0.263168037,121595.313672
poly_frommont_n,32,64,1,0.289792001,110424.027793
poly_frommont_n,32,128,1,0.289792001,110424.027793
poly_frommont_n,32,192,1,0.289792001,110424.027793
poly_frommont_n,32,256,1,0.288767993,110815.605350
poly_frommont_n,32,512,1,0.290816009,110035.207845
poly_frommont_n,32,1024,1,0.288767993,110815.605350
polyvec_add_n,32,16,2,0.477183998,67060.086170
polyvec_add_n,32,32,1,0.486400008,65789.472575
polyvec_add_n,32,64,1,0.487423986,65651.262363
polyvec_add_n,32,128,1,0.485376000,65928.269987
polyvec_add_n,32,192,1,0.487423986,65651.262363
polyvec_add_n,32,256,1,0.484351993,66067.654285
polyvec_add_n,32,512,1,0.486400008,65789.472575
polyvec_add_n,32,1024,1,0.487423986,65651.262363
polyvec_reduce_n,32,16,2,0.479167998,66782.423168
polyvec_reduce_n,32,32,1,0.565248013,56612.317584
polyvec_reduce_n,32,64,1,0.565248013,56612.317584
polyvec_reduce_n,32,128,1,0.565248013,56612.317584
polyvec_reduce_n,32,192,1,0.565248013,56612.317584
polyvec_reduce_n,32,256,1,0.565248013,56612.317584
polyvec_reduce_n,32,512,1,0.565248013,56612.317584
polyvec_reduce_n,32,1024,1,0.565248013,56612.317584
pack_sk_n,32,16,2,0.375808001,85149.863632
pack_sk_n,32,32,1,0.397311985,80541.240054
pack_sk_n,32,64,1,0.397311985,80541.240054
pack_sk_n,32,128,1,0.397311985,80541.240054
pack_sk_n,32,192,1,0.397311985,80541.240054
pack_sk_n,32,256,1,0.397311985,80541.240054
pack_sk_n,32,512,1,0.397311985,80541.240054
pack_sk_n,32,1024,1,0.397311985,80541.240054
pack_pk_n,32,16,2,0.377855986,84688.349941
pack_pk_n,32,32,1,0.402431995,79516.540492
pack_pk_n,32,64,1,0.400384009,79923.271884
pack_pk_n,32,128,1,0.402431995,79516.540492
pack_pk_n,32,192,1,0.400384009,79923.271884
pack_pk_n,32,256,1,0.402431995,79516.540492
pack_pk_n,32,512,1,0.402431995,79516.540492
pack_pk_n,32,1024,1,0.402431995,79516.540492
unpack_pk_n,32,16,2,0.150527999,212585.035701
unpack_pk_n,32,32,1,0.171008006,187125.742224
unpack_pk_n,32,64,1,0.171008006,187125.742224
unpack_pk_n,32,128,1,0.171008006,187125.742224
unpack_pk_n,32,192,1,0.172031999,186011.906239
unpack_pk_n,32,256,1,0.169983998,188253.014328
unpack_pk_n,32,512,1,0.171008006,187125.742224
unpack_pk_n,32,1024,1,0.171008006,187125.742224
poly_frommsg_n,32,16,2,0.036832001,868809.705659
poly_frommsg_n,32,32,1,0.039935999,801282.078999
poly_frommsg_n,32,64,1,0.039935999,801282.078999
poly_frommsg_n,32,128,1,0.039935999,801282.078999
poly_frommsg_n,32,192,1,0.039935999,801282.078999
poly_frommsg_n,32,256,1,0.039935999,801282.078999
poly_frommsg_n,32,512,1,0.039935999,801282.078999
poly_frommsg_n,32,1024,1,0.039935999,801282.078999
polyvec_invntt_n,32,16,2,2.029567957,15766.902454
polyvec_invntt_n,32,32,1,3.283967972,9744.309407
polyvec_invntt_n,32,64,1,3.175424099,10077.394075
polyvec_invntt_n,32,128,1,3.256320000,9827.044026
polyvec_invntt_n,32,192,1,2.533375978,12631.366316
polyvec_invntt_n,32,256,1,3.259392023,9817.781897
polyvec_invntt_n,32,512,1,2.813951969,11371.906966
polyvec_invntt_n,32,1024,1,3.266560078,9796.238012
poly_invntt_n,32,16,2,0.819040000,39070.130864
poly_invntt_n,32,32,1,0.812031984,39407.314758
poly_invntt_n,32,64,1,0.811007977,39457.071849
poly_invntt_n,32,128,1,0.808959961,39556.963935
poly_invntt_n,32,192,1,0.811007977,39457.071849
poly_invntt_n,32,256,1,0.808960021,39556.961021
poly_invntt_n,32,512,1,0.811007977,39457.071849
poly_invntt_n,32,1024,1,0.812031984,39407.314758
poly_add_n,32,16,2,0.125952005,254065.029785
poly_add_n,32,32,1,0.129023999,248015.874985
poly_add_n,32,64,1,0.127999991,250000.017229
poly_add_n,32,128,1,0.127999991,250000.017229
poly_add_n,32,192,1,0.127999991,250000.017229
poly_add_n,32,256,1,0.129023999,248015.874985
poly_add_n,32,512,1,0.129023999,248015.874985
poly_add_n,32,1024,1,0.129023999,248015.874985
poly_reduce_n,32,16,2,0.114688002,279017.853316
poly_reduce_n,32,32,1,0.144383997,221631.210701
poly_reduce_n,32,64,1,0.144383997,221631.210701
poly_reduce_n,32,128,1,0.143360004,223214.279752
poly_reduce_n,32,192,1,0.144383997,221631.210701
poly_reduce_n,32,256,1,0.143360004,223214.279752
poly_reduce_n,32,512,1,0.144383997,221631.210701
poly_reduce_n,32,1024,1,0.143360004,223214.279752
pack_ciphertext_n,32,16,2,0.427008003,74940.047436
pack_ciphertext_n,32,32,1,0.992255986,32249.742466
pack_ciphertext_n,32,64,1,0.962559998,33244.680919
pack_ciphertext_n,32,128,1,0.987136006,32417.012239
pack_ciphertext_n,32,192,1,0.992255986,32249.742466
pack_ciphertext_n,32,256,1,0.985087991,32484.407789
pack_ciphertext_n,32,512,1,0.962559998,33244.680919
pack_ciphertext_n,32,1024,1,0.986111999,32450.675021
unpack_ciphertext_n,32,16,2,0.196608007,162760.410910
unpack_ciphertext_n,32,32,1,0.220159993,145348.842111
unpack_ciphertext_n,32,64,1,0.221184000,144675.925682
unpack_ciphertext_n,32,128,1,0.221184000,144675.925682
unpack_ciphertext_n,32,192,1,0.221184000,144675.925682
unpack_ciphertext_n,32,256,1,0.221184000,144675.925682
unpack_ciphertext_n,32,512,1,0.220159993,145348.842111
unpack_ciphertext_n,32,1024,1,0.221184000,144675.925682
unpack_sk_n,32,16,2,0.149504006,214041.087431
unpack_sk_n,32,32,1,0.169983998,188253.014328
unpack_sk_n,32,64,1,0.169983998,188253.014328
unpack_sk_n,32,128,1,0.169983998,188253.014328
unpack_sk_n,32,192,1,0.169983998,188253.014328
unpack_sk_n,32,256,1,0.171008006,187125.742224
unpack_sk_n,32,512,1,0.169983998,188253.014328
unpack_sk_n,32,1024,1,0.171008006,187125.742224
poly_sub_n,32,16,2,0.062463999,512295.091854
poly_sub_n,32,32,1,0.065536000,488281.251233
poly_sub_n,32,64,1,0.065536000,488281.251233
poly_sub_n,32,128,1,0.065536000,488281.251233
poly_sub_n,32,192,1,0.065536000,488281.251233
poly_sub_n,32,256,1,0.065536000,488281.251233
poly_sub_n,32,512,1,0.065536000,488281.251233
poly_sub_n,32,1024,1,0.065536000,488281.251233
poly_tomsg_n,32,16,2,0.090048000,355366.026153
poly_tomsg_n,32,32,1,0.115712002,276548.667978
poly_tomsg_n,32,64,1,0.114688002,279017.853316
poly_tomsg_n,32,128,1,0.114688002,279017.853316
poly_tomsg_n,32,192,1,0.114688002,279017.853316
poly_tomsg_n,32,256,1,0.115712002,276548.667978
poly_tomsg_n,32,512,1,0.114688002,279017.853316
poly_tomsg_n,32,1024,1,0.114688002,279017.853316
sha3_512_n,64,16,4,0.415935993,153869.828645
sha3_512_n,64,32,2,0.440896004,145158.947588
sha3_512_n,64,64,1,0.414016008,154583.394615
sha3_512_n,64,128,1,0.428864002,149231.457216
sha3_512_n,64,192,1,0.398144007,160745.858077
sha3_512_n,64,256,1,0.439359993,145666.426295
sha3_512_n,64,512,1,0.433151990,147754.140467
gen_matrix_n,64,16,4,5.554175854,11522.861660
gen_matrix_n,64,32,2,6.261759758,10220.768997
gen_matrix_n,64,64,1,6.381567955,10028.883254
gen_matrix_n,64,128,1,6.367231846,10051.463736
gen_matrix_n,64,192,1,6.317055702,10131.302147
gen_matrix_n,64,256,1,6.362112045,10059.552479
poly_getnoise,64,16,4,0.541696012,118147.445393
poly_getnoise,64,32,2,0.550912023,116170.998954
poly_getnoise,64,64,1,0.553984046,115526.792629
poly_getnoise,64,128,1,0.548864067,116604.463463
poly_getnoise,64,192,1,0.552960038,115740.732748
poly_getnoise,64,256,1,0.553984046,115526.792629
polyvec_ntt_n,64,16,4,15.638528824,4092.456568
polyvec_ntt_n,64,32,2,14.982143402,4271.751930
polyvec_ntt_n,64,64,1,14.602239609,4382.889318
polyvec_ntt_n,64,128,1,16.540672302,3869.250223
polyvec_ntt_n,64,192,1,14.812160492,4320.774139
polyvec_ntt_n,64,256,1,16.321535110,3921.199787
polyvec_ntt_n,64,512,1,16.350208282,3914.323224
polyvec_ntt_n,64,1024,1,16.397312164,3903.078709
polyvec_pointwise_acc_n,64,16,4,19.790847778,3233.818011
polyvec_pointwise_acc_n,64,32,2,20.267007828,3157.841579
polyvec_pointwise_acc_n,64,64,1,19.568641663,3270.538707
polyvec_pointwise_acc_n,64,128,1,20.759552002,3082.918167
polyvec_pointwise_acc_n,64,192,1,19.786750793,3234.487596
polyvec_pointwise_acc_n,64,256,1,20.896766663,3062.674768
polyvec_pointwise_acc_n,64,512,1,20.179967880,3171.461936
polyvec_pointwise_acc_n,64,1024,1,20.818943024,3074.123404
poly_frommont_n,64,16,4,0.293888003,217770.032891
poly_frommont_n,64,32,2,0.291840017,219298.232958
poly_frommont_n,64,64,1,0.290816009,220070.415691
poly_frommont_n,64,128,1,0.292863995,218531.472384
poly_frommont_n,64,192,1,0.286720008,223214.279752
poly_frommont_n,64,256,1,0.284672022,224820.126616
poly_frommont_n,64,512,1,0.284672022,224820.126616
poly_frommont_n,64,1024,1,0.292864025,218531.450146
polyvec_add_n,64,16,4,0.484351993,132135.308571
polyvec_add_n,64,32,2,0.488447994,131027.255280
polyvec_add_n,64,64,1,0.489472002,130753.137597
polyvec_add_n,64,128,1,0.489471972,130753.145558
polyvec_add_n,64,192,1,0.489472002,130753.137597
polyvec_add_n,64,256,1,0.488447994,131027.255280
polyvec_add_n,64,512,1,0.488447994,131027.255280
polyvec_add_n,64,1024,1,0.488447994,131027.255280
polyvec_reduce_n,64,16,4,0.567296028,112815.878881
polyvec_reduce_n,64,32,2,0.566272020,113019.887441
polyvec_reduce_n,64,64,1,0.565248013,113224.635169
polyvec_reduce_n,64,128,1,0.565248013,113224.635169
polyvec_reduce_n,64,192,1,0.565248013,113224.635169
polyvec_reduce_n,64,256,1,0.565248013,113224.635169
polyvec_reduce_n,64,512,1,0.565248013,113224.635169
polyvec_reduce_n,64,1024,1,0.565248013,113224.635169
pack_sk_n,64,16,4,0.375808001,170299.727265
pack_sk_n,64,32,2,0.398335993,160668.383169
pack_sk_n,64,64,1,0.400384009,159846.543768
pack_sk_n,64,128,1,0.400384009,159846.543768
pack_sk_n,64,192,1,0.400384009,159846.543768
pack_sk_n,64,256,1,0.399360001,160256.409820
pack_sk_n,64,512,1,0.399360001,160256.409820
pack_sk_n,64,1024,1,0.399360001,160256.409820
pack_pk_n,64,16,4,0.380928010,168010.748389
pack_pk_n,64,32,2,0.402431995,159033.080984
pack_pk_n,64,64,1,0.403456002,158629.440652
pack_pk_n,64,128,1,0.421887994,151699.031351
pack_pk_n,64,192,1,0.403456002,158629.440652
pack_pk_n,64,256,1,0.424959987,150602.414103
pack_pk_n,64,512,1,0.422912002,151331.718552
pack_pk_n,64,1024,1,0.428032011,149521.527330
unpack_pk_n,64,16,4,0.151552007,422297.278900
unpack_pk_n,64,32,2,0.172031999,372023.812477
unpack_pk_n,64,64,1,0.172031999,372023.812477
unpack_pk_n,64,128,1,0.172031999,372023.812477
unpack_pk_n,64,192,1,0.172031999,372023.812477
unpack_pk_n,64,256,1,0.171008006,374251.484448
unpack_pk_n,64,512,1,0.171008006,374251.484448
unpack_pk_n,64,1024,1,0.172031999,372023.812477
poly_frommsg_n,64,16,4,0.037888002,1689189.115601
poly_frommsg_n,64,32,2,0.039935999,1602564.157997
poly_frommsg_n,64,64,1,0.041983999,1524390.268886
poly_frommsg_n,64,128,1,0.039935999,1602564.157997
poly_frommsg_n,64,192,1,0.041983999,1524390.268886
poly_frommsg_n,64,256,1,0.039935999,1602564.157997
poly_frommsg_n,64,512,1,0.039935999,1602564.157997
poly_frommsg_n,64,1024,1,0.039935999,1602564.157997
polyvec_invntt_n,64,16,4,2.877439976,22241.993070
polyvec_invntt_n,64,32,2,3.264512062,19604.767507
polyvec_invntt_n,64,64,1,3.173376083,20167.795533
polyvec_invntt_n,64,128,1,3.525631905,18152.774235
polyvec_invntt_n,64,192,1,2.993151903,21382.142327
polyvec_invntt_n,64,256,1,3.283967972,19488.618814
polyvec_invntt_n,64,512,1,2.997247934,21352.921547
polyvec_invntt_n,64,1024,1,3.252223969,19678.841500
poly_invntt_n,64,16,4,0.818176031,78222.775499
poly_invntt_n,64,32,2,0.811007977,78914.143698
poly_invntt_n,64,64,1,0.814080000,78616.352209
poly_invntt_n,64,128,1,0.814080000,78616.352209
poly_invntt_n,64,192,1,0.813055992,78715.366002
poly_invntt_n,64,256,1,0.813055992,78715.366002
poly_invntt_n,64,512,1,0.813055992,78715.366002
poly_invntt_n,64,1024,1,0.812031984,78814.629516
poly_add_n,64,16,4,0.125952005,508130.059571
poly_add_n,64,32,2,0.126975998,504032.264882
poly_add_n,64,64,1,0.126975998,504032.264882
poly_add_n,64,128,1,0.126975998,504032.264882
poly_add_n,64,192,1,0.126975998,504032.264882
poly_add_n,64,256,1,0.125952005,508130.059571
poly_add_n,64,512,1,0.126975998,504032.264882
poly_add_n,64,1024,1,0.126975998,504032.264882
poly_reduce_n,64,16,4,0.144383997,443262.421402
poly_reduce_n,64,32,2,0.145408005,440140.831382
poly_reduce_n,64,64,1,0.144383997,443262.421402
poly_reduce_n,64,128,1,0.144383997,443262.421402
poly_reduce_n,64,192,1,0.145408005,440140.831382
poly_reduce_n,64,256,1,0.143360004,446428.559505
poly_reduce_n,64,512,1,0.144383997,443262.421402
poly_reduce_n,64,1024,1,0.144383997,443262.421402
pack_ciphertext_n,64,16,4,0.428032011,149521.527330
pack_ciphertext_n,64,32,2,0.964608014,66348.194392
pack_ciphertext_n,64,64,1,1.027071953,62313.063680
pack_ciphertext_n,64,128,1,1.032191992,62003.968746
pack_ciphertext_n,64,192,1,0.935935974,68380.745873
pack_ciphertext_n,64,256,1,1.026047945,62375.252843
pack_ciphertext_n,64,512,1,1.028095961,62250.998401
pack_ciphertext_n,64,1024,1,1.031167984,62065.542174
unpack_ciphertext_n,64,16,4,0.196608007,325520.821819
unpack_ciphertext_n,64,32,2,0.220159993,290697.684222
unpack_ciphertext_n,64,64,1,0.221184000,289351.851364
unpack_ciphertext_n,64,128,1,0.220159993,290697.684222
unpack_ciphertext_n,64,192,1,0.221184000,289351.851364
unpack_ciphertext_n,64,256,1,0.221184000,289351.851364
unpack_ciphertext_n,64,512,1,0.221184000,289351.851364
unpack_ciphertext_n,64,1024,1,0.221184000,289351.851364
unpack_sk_n,64,16,4,0.149504006,428082.174861
unpack_sk_n,64,32,2,0.168960005,378787.867478
unpack_sk_n,64,64,1,0.167935997,381097.567221
unpack_sk_n,64,128,1,0.171008006,374251.484448
unpack_sk_n,64,192,1,0.167935997,381097.567221
unpack_sk_n,64,256,1,0.171008006,374251.484448
unpack_sk_n,64,512,1,0.171008006,374251.484448
unpack_sk_n,64,1024,1,0.172031999,372023.812477
poly_sub_n,64,16,4,0.064511999,992063.499939
poly_sub_n,64,32,2,0.064511999,992063.499939
poly_sub_n,64,64,1,0.063487999,1008064.529765
poly_sub_n,64,128,1,0.065536000,976562.502466
poly_sub_n,64,192,1,0.064511999,992063.499939
poly_sub_n,64,256,1,0.064511999,992063.499939
poly_sub_n,64,512,1,0.064511999,992063.499939
poly_sub_n,64,1024,1,0.064511999,992063.499939
poly_tomsg_n,64,16,4,0.112640001,568181.813744
poly_tomsg_n,64,32,2,0.114688002,558035.706632
poly_tomsg_n,64,64,1,0.114688002,558035.706632
poly_tomsg_n,64,128,1,0.119808003,534188.019446
poly_tomsg_n,64,192,1,0.114688002,558035.706632
poly_tomsg_n,64,256,1,0.119808003,534188.019446
poly_tomsg_n,64,512,1,0.119808003,534188.019446
poly_tomsg_n,64,1024,1,0.119808003,534188.019446
sha3_512_n,128,16,8,0.425695986,300684.066430
sha3_512_n,128,32,4,0.059519999,2150537.680323
sha3_512_n,128,64,2,0.062720001,2040816.302326
sha3_512_n,128,128,1,0.060095999,2129925.474233
sha3_512_n,128,192,1,0.431327999,296757.920664
sha3_512_n,128,256,1,0.424800009,301318.261366
sha3_512_n,128,512,1,0.443551987,288579.475762
gen_matrix_n,128,16,8,6.022144318,21254.887503
gen_matrix_n,128,32,4,4.664063931,27443.877680
gen_matrix_n,128,64,2,3.285791874,38955.601849
gen_matrix_n,128,128,1,3.628031969,35280.835751
gen_matrix_n,128,192,1,6.510591984,19660.270574
gen_matrix_n,128,256,1,6.469632149,19784.741552
poly_getnoise,128,16,8,0.527360022,242718.436445
poly_getnoise,128,32,4,0.514303982,248880.048407
poly_getnoise,128,64,2,0.509504020,251224.710545
poly_getnoise,128,128,1,0.528160036,242350.786447
poly_getnoise,128,192,1,0.562175989,227686.707490
poly_getnoise,128,256,1,0.562176049,227686.683350
polyvec_ntt_n,128,16,8,15.337471008,8345.574047
polyvec_ntt_n,128,32,4,12.222944260,10472.108625
polyvec_ntt_n,128,64,2,10.997759819,11638.733897
polyvec_ntt_n,128,128,1,10.668128014,11998.356210
polyvec_ntt_n,128,192,1,16.691200256,7668.711539
polyvec_ntt_n,128,256,1,16.566270828,7726.542764
polyvec_ntt_n,128,512,1,16.243713379,7879.971594
polyvec_ntt_n,128,1024,1,16.214015961,7894.404465
polyvec_pointwise_acc_n,128,16,8,20.071422577,6377.226104
polyvec_pointwise_acc_n,128,32,4,17.136480331,7469.445156
polyvec_pointwise_acc_n,128,64,2,11.392830849,11235.135648
polyvec_pointwise_acc_n,128,128,1,12.146783829,10537.768829
polyvec_pointwise_acc_n,128,192,1,21.315584183,6004.996105
polyvec_pointwise_acc_n,128,256,1,20.457471848,6256.882617
polyvec_pointwise_acc_n,128,512,1,20.793344498,6155.815868
polyvec_pointwise_acc_n,128,1024,1,20.921342850,6118.154122
poly_frommont_n,128,16,8,0.292864025,437062.900292
poly_frommont_n,128,32,4,0.264191985,484496.151300
poly_frommont_n,128,64,2,0.240640000,531914.894703
poly_frommont_n,128,128,1,0.292864025,437062.900292
poly_frommont_n,128,192,1,0.292864025,437062.900292
poly_frommont_n,128,256,1,0.292864025,437062.900292
poly_frommont_n,128,512,1,0.293888003,435540.065783
poly_frommont_n,128,1024,1,0.292864025,437062.900292
polyvec_add_n,128,16,8,0.487423986,262605.049454
polyvec_add_n,128,32,4,0.490495980,260960.344784
polyvec_add_n,128,64,2,0.492511988,259892.151258
polyvec_add_n,128,128,1,0.489471972,261506.291116
polyvec_add_n,128,192,1,0.490495980,260960.344784
polyvec_add_n,128,256,1,0.491519988,260416.673245
polyvec_add_n,128,512,1,0.490495980,260960.344784
polyvec_add_n,128,1024,1,0.490495980,260960.344784
polyvec_reduce_n,128,16,8,0.567296028,225631.757762
polyvec_reduce_n,128,32,4,0.475840002,268997.981216
polyvec_reduce_n,128,64,2,0.476159990,268817.210040
polyvec_reduce_n,128,128,1,0.462752014,276606.035235
polyvec_reduce_n,128,192,1,0.566272020,226039.774883
polyvec_reduce_n,128,256,1,0.566272020,226039.774883
polyvec_reduce_n,128,512,1,0.565248013,226449.270337
polyvec_reduce_n,128,1024,1,0.566272020,226039.774883
pack_sk_n,128,16,8,0.376832008,339673.905506
pack_sk_n,128,32,4,0.396288007,322997.409910
pack_sk_n,128,64,2,0.347775996,368053.004149
pack_sk_n,128,128,1,0.534528017,239463.593897
pack_sk_n,128,192,1,1.035264015,123639.958620
pack_sk_n,128,256,1,1.034240007,123762.375352
pack_sk_n,128,512,1,1.033216000,123885.034735
pack_sk_n,128,1024,1,1.037312031,123395.850236
pack_pk_n,128,16,8,0.379904002,336927.221989
pack_pk_n,128,32,4,0.402431995,318066.161968
pack_pk_n,128,64,2,0.316415995,404530.750269
pack_pk_n,128,128,1,0.536480010,238592.301148
pack_pk_n,128,192,1,1.040384054,123031.489655
pack_pk_n,128,256,1,1.037312031,123395.850236
pack_pk_n,128,512,1,1.035264015,123639.958620
pack_pk_n,128,1024,1,1.036288023,123517.783820
unpack_pk_n,128,16,8,0.151552007,844594.557800
unpack_pk_n,128,32,4,0.172031999,744047.624954
unpack_pk_n,128,64,2,0.167807996,762776.523425
unpack_pk_n,128,128,1,0.180224001,710227.267180
unpack_pk_n,128,192,1,0.178176001,718390.801718
unpack_pk_n,128,256,1,0.179199994,714285.739755
unpack_pk_n,128,512,1,0.179199994,714285.739755
unpack_pk_n,128,1024,1,0.178176001,718390.801718
poly_frommsg_n,128,16,8,0.036864001,3472222.099407
poly_frommsg_n,128,32,4,0.039935999,3205128.315994
poly_frommsg_n,128,64,2,0.041824002,3060443.631249
poly_frommsg_n,128,128,1,0.043008000,2976190.499817
poly_frommsg_n,128,192,1,0.041983999,3048780.537771
poly_frommsg_n,128,256,1,0.043008000,2976190.499817
poly_frommsg_n,128,512,1,0.043008000,2976190.499817
poly_frommsg_n,128,1024,1,0.043008000,2976190.499817
polyvec_invntt_n,128,16,8,3.141632080,40743.154111
polyvec_invntt_n,128,32,4,2.100928068,60925.455726
polyvec_invntt_n,128,64,2,2.119935989,60379.181561
polyvec_invntt_n,128,128,1,1.609568000,79524.443834
polyvec_invntt_n,128,192,1,3.278847933,39038.101987
polyvec_invntt_n,128,256,1,3.275775909,39074.711928
polyvec_invntt_n,128,512,1,3.182591915,40218.791291
polyvec_invntt_n,128,1024,1,3.268608093,39160.399885
poly_invntt_n,128,16,8,0.818176031,156445.550997
poly_invntt_n,128,32,4,0.811007977,157828.287395
poly_invntt_n,128,64,2,0.799744010,160051.214394
poly_invntt_n,128,128,1,0.814080000,157232.704417
poly_invntt_n,128,192,1,0.813055992,157430.732003
poly_invntt_n,128,256,1,0.813055992,157430.732003
poly_invntt_n,128,512,1,0.813055992,157430.732003
poly_invntt_n,128,1024,1,0.813055992,157430.732003
poly_add_n,128,16,8,0.127999991,1000000.068918
poly_add_n,128,32,4,0.126975998,1008064.529765
poly_add_n,128,64,2,0.129023999,992063.499939
poly_add_n,128,128,1,0.126975998,1008064.529765
poly_add_n,128,192,1,0.127999991,1000000.068918
poly_add_n,128,256,1,0.127999991,1000000.068918
poly_add_n,128,512,1,0.127999991,1000000.068918
poly_add_n,128,1024,1,0.127999991,1000000.068918
poly_reduce_n,128,16,8,0.144383997,886524.842803
poly_reduce_n,128,32,4,0.121087998,1057082.468566
poly_reduce_n,128,64,2,0.145408005,880281.662763
poly_reduce_n,128,128,1,0.119648002,1069804.741961
poly_reduce_n,128,192,1,0.145408005,880281.662763
poly_reduce_n,128,256,1,0.145408005,880281.662763
poly_reduce_n,128,512,1,0.145408005,880281.662763
poly_reduce_n,128,1024,1,0.145408005,880281.662763
pack_ciphertext_n,128,16,8,0.429055989,298329.363404
pack_ciphertext_n,128,32,4,0.308223993,415282.402016
pack_ciphertext_n,128,64,2,0.535391986,239077.168240
pack_ciphertext_n,128,128,1,0.604864001,211617.817775
pack_ciphertext_n,128,192,1,1.114112020,114889.703867
pack_ciphertext_n,128,256,1,1.108991981,115420.131295
pack_ciphertext_n,128,512,1,1.114112020,114889.703867
pack_ciphertext_n,128,1024,1,1.111039996,115207.373671
unpack_ciphertext_n,128,16,8,0.196608007,651041.643639
unpack_ciphertext_n,128,32,4,0.216064006,592417.044913
unpack_ciphertext_n,128,64,2,0.222207993,576036.883809
unpack_ciphertext_n,128,128,1,0.234495997,545851.534369
unpack_ciphertext_n,128,192,1,0.231424004,553097.335956
unpack_ciphertext_n,128,256,1,0.231424004,553097.335956
unpack_ciphertext_n,128,512,1,0.231424004,553097.335956
unpack_ciphertext_n,128,1024,1,0.231424004,553097.335956
unpack_sk_n,128,16,8,0.149504006,856164.349723
unpack_sk_n,128,32,4,0.168960005,757575.734955
unpack_sk_n,128,64,2,0.168960005,757575.734955
unpack_sk_n,128,128,1,0.174079999,735294.120487
unpack_sk_n,128,192,1,0.173056006,739644.942925
unpack_sk_n,128,256,1,0.173056006,739644.942925
unpack_sk_n,128,512,1,0.174079999,735294.120487
unpack_sk_n,128,1024,1,0.173056006,739644.942925
poly_sub_n,128,16,8,0.064511999,1984126.999878
poly_sub_n,128,32,4,0.065536000,1953125.004931
poly_sub_n,128,64,2,0.064511999,1984126.999878
poly_sub_n,128,128,1,0.066560000,1923076.917842
poly_sub_n,128,192,1,0.065536000,1953125.004931
poly_sub_n,128,256,1,0.064511999,1984126.999878
poly_sub_n,128,512,1,0.065536000,1953125.004931
poly_sub_n,128,1024,1,0.065536000,1953125.004931
poly_tomsg_n,128,16,8,0.112640001,1136363.627488
poly_tomsg_n,128,32,4,0.114688002,1116071.413263
poly_tomsg_n,128,64,2,0.114688002,1116071.413263
poly_tomsg_n,128,128,1,0.119808003,1068376.038892
poly_tomsg_n,128,192,1,0.119808003,1068376.038892
poly_tomsg_n,128,256,1,0.119808003,1068376.038892
poly_tomsg_n,128,512,1,0.119808003,1068376.038892
poly_tomsg_n,128,1024,1,0.119808003,1068376.038892
sha3_512_n,256,16,16,0.429728001,595725.666450
sha3_512_n,256,32,8,0.405984014,630566.699673
sha3_512_n,256,64,4,0.398463994,642467.082810
sha3_512_n,256,128,2,0.402240008,636435.945791
sha3_512_n,256,192,2,0.431392014,593427.767961
sha3_512_n,256,256,1,0.432671994,591672.221838
sha3_512_n,256,512,1,0.452511996,565730.858509
gen_matrix_n,256,16,16,6.292479992,40683.482558
gen_matrix_n,256,32,8,6.021120071,42517.006298
gen_matrix_n,256,64,4,6.065152168,42208.339197
gen_matrix_n,256,128,2,6.552576065,39068.604082
gen_matrix_n,256,192,2,7.913471699,32349.897712
gen_matrix_n,256,256,1,8.608768463,29737.122226
poly_getnoise,256,16,16,0.535552025,478011.450103
poly_getnoise,256,32,8,0.537599981,476190.493170
poly_getnoise,256,64,4,0.551936030,463821.866857
poly_getnoise,256,128,2,0.557056069,459558.766297
poly_getnoise,256,192,2,0.581631958,440140.876487
poly_getnoise,256,256,1,0.617471993,414593.702896
polyvec_ntt_n,256,16,16,16.564224243,15454.994828
polyvec_ntt_n,256,32,8,15.321087837,16708.996301
polyvec_ntt_n,256,64,4,16.148479462,15852.885754
polyvec_ntt_n,256,128,2,16.602111816,15419.725083
polyvec_ntt_n,256,192,2,15.903743744,16096.838840
polyvec_ntt_n,256,256,1,14.917632103,17160.900486
polyvec_ntt_n,256,512,1,16.726016998,15305.496821
polyvec_ntt_n,256,1024,1,15.398911476,16624.551703
polyvec_pointwise_acc_n,256,16,16,21.560319901,11873.664268
polyvec_pointwise_acc_n,256,32,8,20.305921555,12607.159902
polyvec_pointwise_acc_n,256,64,4,20.015104294,12790.340547
polyvec_pointwise_acc_n,256,128,2,21.440511703,11940.013538
polyvec_pointwise_acc_n,256,192,2,20.775936127,12321.947778
polyvec_pointwise_acc_n,256,256,1,21.019649506,12179.080338
polyvec_pointwise_acc_n,256,512,1,21.985280991,11644.154110
polyvec_pointwise_acc_n,256,1024,1,20.980737686,12201.668208
poly_frommont_n,256,16,16,0.294912010,868055.524852
poly_frommont_n,256,32,8,0.292864025,874125.800584
poly_frommont_n,256,64,4,0.293888003,871080.131566
poly_frommont_n,256,128,2,0.294911981,868055.612573
poly_frommont_n,256,192,2,0.294912010,868055.524852
poly_frommont_n,256,256,1,0.294912010,868055.524852
poly_frommont_n,256,512,1,0.295935988,865051.936946
poly_frommont_n,256,1024,1,0.295935988,865051.936946
polyvec_add_n,256,16,16,0.496639997,515463.920881
polyvec_add_n,256,32,8,0.492543995,519750.524625
polyvec_add_n,256,64,4,0.495615989,516528.937115
polyvec_add_n,256,128,2,0.493568003,518672.195831
polyvec_add_n,256,192,2,0.496639997,515463.920881
polyvec_add_n,256,256,1,0.496639997,515463.920881
polyvec_add_n,256,512,1,0.496639997,515463.920881
polyvec_add_n,256,1024,1,0.495615989,516528.937115
polyvec_reduce_n,256,16,16,0.571392000,448028.674053
polyvec_reduce_n,256,32,8,0.567296028,451263.515524
polyvec_reduce_n,256,64,4,0.567296028,451263.515524
polyvec_reduce_n,256,128,2,0.567296028,451263.515524
polyvec_reduce_n,256,192,2,0.569343984,449640.300305
polyvec_reduce_n,256,256,1,0.571392000,448028.674053
polyvec_reduce_n,256,512,1,0.571392000,448028.674053
polyvec_reduce_n,256,1024,1,0.570367992,448833.040466
pack_sk_n,256,16,16,0.377855986,677506.799531
pack_sk_n,256,32,8,0.398335993,642673.532677
pack_sk_n,256,64,4,0.402431995,636132.323936
pack_sk_n,256,128,2,1.040384054,246062.979311
pack_sk_n,256,192,2,1.059839964,241545.901944
pack_sk_n,256,256,1,1.233919978,207468.883343
pack_sk_n,256,512,1,1.241088033,206270.621624
pack_sk_n,256,1024,1,1.227776051,208507.080653
pack_pk_n,256,16,16,0.380928010,672042.993554
pack_pk_n,256,32,8,0.403456002,634517.762607
pack_pk_n,256,64,4,0.409599990,625000.015789
pack_pk_n,256,128,2,1.044479966,245098.047156
pack_pk_n,256,192,2,1.071104050,239005.725052
pack_pk_n,256,256,1,1.246207952,205423.179564
pack_pk_n,256,512,1,1.243136048,205930.799245
pack_pk_n,256,1024,1,1.247231960,205254.522133
unpack_pk_n,256,16,16,0.152575999,1677852.354510
unpack_pk_n,256,32,8,0.171008006,1497005.937791
unpack_pk_n,256,64,4,0.172031999,1488095.249908
unpack_pk_n,256,128,2,0.180224001,1420454.534360
unpack_pk_n,256,192,2,0.203776002,1256281.395135
unpack_pk_n,256,256,1,0.242688000,1054852.319796
unpack_pk_n,256,512,1,0.242688000,1054852.319796
unpack_pk_n,256,1024,1,0.242688000,1054852.319796
poly_frommsg_n,256,16,16,0.038911998,6578947.660588
poly_frommsg_n,256,32,8,0.039935999,6410256.631989
poly_frommsg_n,256,64,4,0.041983999,6097561.075543
poly_frommsg_n,256,128,2,0.043008000,5952380.999633
poly_frommsg_n,256,192,2,0.041983999,6097561.075543
poly_frommsg_n,256,256,1,0.043008000,5952380.999633
poly_frommsg_n,256,512,1,0.043008000,5952380.999633
poly_frommsg_n,256,1024,1,0.043008000,5952380.999633
polyvec_invntt_n,256,16,16,3.330048084,76875.766813
polyvec_invntt_n,256,32,8,3.034111977,84373.945976
polyvec_invntt_n,256,64,4,3.280895948,78027.466895
polyvec_invntt_n,256,128,2,3.290112019,77808.900899
polyvec_invntt_n,256,192,2,3.316735983,77184.316545
polyvec_invntt_n,256,256,1,3.148799896,81300.815687
polyvec_invntt_n,256,512,1,3.295232058,77688.003615
polyvec_invntt_n,256,1024,1,3.299328089,77591.555951
poly_invntt_n,256,16,16,0.821247995,311720.700190
poly_invntt_n,256,32,8,0.812031984,315258.518064
poly_invntt_n,256,64,4,0.813055992,314861.464006
poly_invntt_n,256,128,2,0.814080000,314465.408835
poly_invntt_n,256,192,2,0.815104008,314070.348784
poly_invntt_n,256,256,1,0.818176031,312891.101994
poly_invntt_n,256,512,1,0.818176031,312891.101994
poly_invntt_n,256,1024,1,0.817152023,313283.199081
poly_add_n,256,16,16,0.130048007,1968503.834487
poly_add_n,256,32,8,0.129023999,1984126.999878
poly_add_n,256,64,4,0.130048007,1968503.834487
poly_add_n,256,128,2,0.130048007,1968503.834487
poly_add_n,256,192,2,0.130048007,1968503.834487
poly_add_n,256,256,1,0.130048007,1968503.834487
poly_add_n,256,512,1,0.131072000,1953125.004931
poly_add_n,256,1024,1,0.130048007,1968503.834487
poly_reduce_n,256,16,16,0.146432012,1748251.601168
poly_reduce_n,256,32,8,0.145408005,1760563.325527
poly_reduce_n,256,64,4,0.146432012,1748251.601168
poly_reduce_n,256,128,2,0.145408005,1760563.325527
poly_reduce_n,256,192,2,0.146432012,1748251.601168
poly_reduce_n,256,256,1,0.147456005,1736111.049703
poly_reduce_n,256,512,1,0.146432012,1748251.601168
poly_reduce_n,256,1024,1,0.146432012,1748251.601168
pack_ciphertext_n,256,16,16,0.977919996,261780.105840
pack_ciphertext_n,256,32,8,0.992255986,257997.939725
pack_ciphertext_n,256,64,4,1.031167984,248262.168696
pack_ciphertext_n,256,128,2,1.117184043,229147.562230
pack_ciphertext_n,256,192,2,1.217535973,210260.728030
pack_ciphertext_n,256,256,1,1.319936037,193948.792071
pack_ciphertext_n,256,512,1,1.317888021,194250.191086
pack_ciphertext_n,256,1024,1,1.323007941,193498.460606
unpack_ciphertext_n,256,16,16,0.198655993,1288659.840868
unpack_ciphertext_n,256,32,8,0.221184000,1157407.405456
unpack_ciphertext_n,256,64,4,0.223232001,1146788.985348
unpack_ciphertext_n,256,128,2,0.231424004,1106194.671913
unpack_ciphertext_n,256,192,2,0.263168007,972762.619539
unpack_ciphertext_n,256,256,1,0.308223993,830564.804031
unpack_ciphertext_n,256,512,1,0.307200015,833333.293752
unpack_ciphertext_n,256,1024,1,0.308223993,830564.804031
unpack_sk_n,256,16,16,0.150527999,1700680.285610
unpack_sk_n,256,32,8,0.171008006,1497005.937791
unpack_sk_n,256,64,4,0.169983998,1506024.114628
unpack_sk_n,256,128,2,0.174079999,1470588.240974
unpack_sk_n,256,192,2,0.193535998,1322751.333252
unpack_sk_n,256,256,1,0.226303995,1131221.746172
unpack_sk_n,256,512,1,0.226303995,1131221.746172
unpack_sk_n,256,1024,1,0.226303995,1131221.746172
poly_sub_n,256,16,16,0.065536000,3906250.009862
poly_sub_n,256,32,8,0.065536000,3906250.009862
poly_sub_n,256,64,4,0.065536000,3906250.009862
poly_sub_n,256,128,2,0.065536000,3906250.009862
poly_sub_n,256,192,2,0.065536000,3906250.009862
poly_sub_n,256,256,1,0.066560000,3846153.835683
poly_sub_n,256,512,1,0.065536000,3906250.009862
poly_sub_n,256,1024,1,0.066560000,3846153.835683
poly_tomsg_n,256,16,16,0.112640001,2272727.254976
poly_tomsg_n,256,32,8,0.115712002,2212389.343826
poly_tomsg_n,256,64,4,0.115712002,2212389.343826
poly_tomsg_n,256,128,2,0.119808003,2136752.077783
poly_tomsg_n,256,192,2,0.119808003,2136752.077783
poly_tomsg_n,256,256,1,0.122879997,2083333.385963
poly_tomsg_n,256,512,1,0.123903997,2066115.748462
poly_tomsg_n,256,1024,1,0.122879997,2083333.385963
sha3_512_n,512,16,32,0.444447994,1151990.799024
sha3_512_n,512,32,16,0.432415992,1184045.015556
sha3_512_n,512,64,8,0.438336015,1168053.691173
sha3_512_n,512,128,4,0.427648008,1197246.311401
sha3_512_n,512,192,3,0.439168006,1165840.846312
sha3_512_n,512,256,2,0.455839992,1123201.143974
sha3_512_n,512,512,1,0.472447991,1083717.169617
gen_matrix_n,512,16,32,5.885951996,86986.778071
gen_matrix_n,512,32,16,6.765567780,75677.314408
gen_matrix_n,512,64,8,6.118399620,83682.013565
gen_matrix_n,512,128,4,6.338560104,80775.442935
gen_matrix_n,512,192,3,8.442880630,60642.809298
gen_matrix_n,512,256,2,8.435711861,60694.344290
poly_getnoise,512,16,32,0.538623989,950570.362274
poly_getnoise,512,32,16,0.546816051,936329.500675
poly_getnoise,512,64,8,0.549888074,931098.570487
poly_getnoise,512,128,4,0.553984046,924214.341032
poly_getnoise,512,192,3,0.586751997,872600.352801
poly_getnoise,512,256,2,0.617471993,829187.405793
polyvec_ntt_n,512,16,32,15.880191803,32241.424181
polyvec_ntt_n,512,32,16,16.455680847,31113.875187
polyvec_ntt_n,512,64,8,16.260095596,31488.129757
polyvec_ntt_n,512,128,4,15.718400002,32573.289899
polyvec_ntt_n,512,192,3,16.722944260,30616.618225
polyvec_ntt_n,512,256,2,15.781887054,32442.254734
polyvec_ntt_n,512,512,1,17.020929337,30080.613689
polyvec_ntt_n,512,1024,1,18.063360214,28344.670866
polyvec_pointwise_acc_n,512,16,32,19.990526199,25612.132212
polyvec_pointwise_acc_n,512,32,16,21.652481079,23646.250891
polyvec_pointwise_acc_n,512,64,8,21.369855881,23958.982356
polyvec_pointwise_acc_n,512,128,4,20.811775208,24601.457343
polyvec_pointwise_acc_n,512,192,3,22.002687454,23269.884693
polyvec_pointwise_acc_n,512,256,2,20.668415070,24772.097825
polyvec_pointwise_acc_n,512,512,1,22.205440521,23057.412417
polyvec_pointwise_acc_n,512,1024,1,23.197696686,22071.156759
poly_frommont_n,512,16,32,0.297984004,1718213.035235
poly_frommont_n,512,32,16,0.295935988,1730103.873891
poly_frommont_n,512,64,8,0.294912010,1736111.049703
poly_frommont_n,512,128,4,0.296959996,1724137.952961
poly_frommont_n,512,192,3,0.297984004,1718213.035235
poly_frommont_n,512,256,2,0.297984004,1718213.035235
poly_frommont_n,512,512,1,0.300032020,1706484.530073
poly_frommont_n,512,1024,1,0.302080005,1694915.223898
polyvec_add_n,512,16,32,0.508928001,1006036.215471
polyvec_add_n,512,32,16,0.498687983,1026694.081081
polyvec_add_n,512,64,8,0.501760006,1020408.151163
polyvec_add_n,512,128,4,0.502784014,1018329.911055
polyvec_add_n,512,192,3,0.505856037,1012145.674676
polyvec_add_n,512,256,2,0.505855978,1012145.793937
polyvec_add_n,512,512,1,0.517120004,990099.002816
polyvec_add_n,512,1024,1,0.519168019,986193.257234
polyvec_reduce_n,512,16,32,0.573440015,892857.119010
polyvec_reduce_n,512,32,16,0.569343984,899280.600611
polyvec_reduce_n,512,64,8,0.570367992,897666.080932
polyvec_reduce_n,512,128,4,0.572416008,894454.371078
polyvec_reduce_n,512,192,3,0.574463964,891265.653763
polyvec_reduce_n,512,256,2,0.577535987,886524.842803
polyvec_reduce_n,512,512,1,0.585727990,874125.889537
polyvec_reduce_n,512,1024,1,0.587776005,871080.131566
pack_sk_n,512,16,32,0.406527996,1259445.856025
pack_sk_n,512,32,16,0.403456002,1269035.525214
pack_sk_n,512,64,8,0.412672013,1240694.749864
pack_sk_n,512,128,4,1.040384054,492125.958622
pack_sk_n,512,192,3,1.082368016,473036.889779
pack_sk_n,512,256,2,1.234943986,414593.702896
pack_sk_n,512,512,1,2.201600075,232558.131637
pack_sk_n,512,1024,1,2.193408012,233426.702696
pack_pk_n,512,16,32,0.411648005,1243781.078673
pack_pk_n,512,32,16,0.410623997,1246882.800761
pack_pk_n,512,64,8,0.411648005,1243781.078673
pack_pk_n,512,128,4,1.053696036,485908.632416
pack_pk_n,512,192,3,1.079295993,474383.304850
pack_pk_n,512,256,2,1.244160056,411522.615184
pack_pk_n,512,512,1,2.212863922,231374.371864
pack_pk_n,512,1024,1,2.206720114,232018.549525
unpack_pk_n,512,16,32,0.155647993,3289473.830294
unpack_pk_n,512,32,16,0.174079999,2941176.481948
unpack_pk_n,512,64,8,0.174079999,2941176.481948
unpack_pk_n,512,128,4,0.182272002,2808988.731667
unpack_pk_n,512,192,3,0.204799995,2500000.063155
unpack_pk_n,512,256,2,0.244736001,2092050.201550
unpack_pk_n,512,512,1,1.032191992,496031.749969
unpack_pk_n,512,1024,1,1.028095961,498007.987205
poly_frommsg_n,512,16,32,0.039935999,12820513.263978
poly_frommsg_n,512,32,16,0.043008000,11904761.999267
poly_frommsg_n,512,64,8,0.040959999,12500000.315777
poly_frommsg_n,512,128,4,0.043008000,11904761.999267
poly_frommsg_n,512,192,3,0.041983999,12195122.151085
poly_frommsg_n,512,256,2,0.043008000,11904761.999267
poly_frommsg_n,512,512,1,0.044032000,11627906.975359
poly_frommsg_n,512,1024,1,0.044032000,11627906.975359
polyvec_invntt_n,512,16,32,3.344383955,153092.469910
polyvec_invntt_n,512,32,16,3.299328089,155183.111902
polyvec_invntt_n,512,64,8,3.260416031,157035.174392
polyvec_invntt_n,512,128,4,3.289088011,155666.251046
polyvec_invntt_n,512,192,3,3.305471897,154894.676444
polyvec_invntt_n,512,256,2,3.295232058,155376.007229
polyvec_invntt_n,512,512,1,3.005439997,170357.751464
polyvec_invntt_n,512,1024,1,3.322880030,154083.203554
poly_invntt_n,512,16,32,0.822272003,622665.004184
poly_invntt_n,512,32,16,0.814080000,628930.817669
poly_invntt_n,512,64,8,0.814080000,628930.817669
poly_invntt_n,512,128,4,0.815104008,628140.697568
poly_invntt_n,512,192,3,0.816128016,627352.560217
poly_invntt_n,512,256,2,0.819200039,624999.970314
poly_invntt_n,512,512,1,0.835584044,612745.065439
poly_invntt_n,512,1024,1,0.834560037,613496.905567
poly_add_n,512,16,32,0.138240010,3703703.447941
poly_add_n,512,32,16,0.132095993,3875969.210402
poly_add_n,512,64,8,0.133120000,3846153.835683
poly_add_n,512,128,4,0.132095993,3875969.210402
poly_add_n,512,192,3,0.133120000,3846153.835683
poly_add_n,512,256,2,0.134144008,3816793.660964
poly_add_n,512,512,1,0.139264002,3676470.523759
poly_add_n,512,1024,1,0.139264002,3676470.523759
poly_reduce_n,512,16,32,0.148479998,3448275.905922
poly_reduce_n,512,32,16,0.146432012,3496503.202337
poly_reduce_n,512,64,8,0.147456005,3472222.099407
poly_reduce_n,512,128,4,0.147456005,3472222.099407
poly_reduce_n,512,192,3,0.148479998,3448275.905922
poly_reduce_n,512,256,2,0.148479998,3448275.905922
poly_reduce_n,512,512,1,0.150528014,3401360.234510
poly_reduce_n,512,1024,1,0.150528014,3401360.234510
pack_ciphertext_n,512,16,32,1.025024056,499500.472000
pack_ciphertext_n,512,32,16,1.046527982,489236.799134
pack_ciphertext_n,512,64,8,1.034240007,495049.501408
pack_ciphertext_n,512,128,4,1.123327971,455788.526097
pack_ciphertext_n,512,192,3,1.228800058,416666.646876
pack_ciphertext_n,512,256,2,1.320960045,387596.886062
pack_ciphertext_n,512,512,1,2.289664030,223613.592769
pack_ciphertext_n,512,1024,1,2.293760061,223214.279752
unpack_ciphertext_n,512,16,32,0.199680001,2564102.557122
unpack_ciphertext_n,512,32,16,0.223232001,2293577.970697
unpack_ciphertext_n,512,64,8,0.223232001,2293577.970697
unpack_ciphertext_n,512,128,4,0.233472005,2192982.413564
unpack_ciphertext_n,512,192,3,0.264191985,1937984.605201
unpack_ciphertext_n,512,256,2,0.308223993,1661129.608062
unpack_ciphertext_n,512,512,1,1.156095982,442869.803329
unpack_ciphertext_n,512,1024,1,1.155071974,443262.421402
unpack_sk_n,512,16,32,0.152575999,3355704.709019
unpack_sk_n,512,32,16,0.171008006,2994011.875582
unpack_sk_n,512,64,8,0.171008006,2994011.875582
unpack_sk_n,512,128,4,0.175104007,2923976.489212
unpack_sk_n,512,192,3,0.193535998,2645502.666504
unpack_sk_n,512,256,2,0.227328002,2252252.227951
unpack_sk_n,512,512,1,0.987136006,518672.195831
unpack_sk_n,512,1024,1,0.990208030,517063.066163
poly_sub_n,512,16,32,0.068608001,7462686.472040
poly_sub_n,512,32,16,0.066560000,7692307.671367
poly_sub_n,512,64,8,0.066560000,7692307.671367
poly_sub_n,512,128,4,0.067584001,7575757.516588
poly_sub_n,512,192,3,0.067584001,7575757.516588
poly_sub_n,512,256,2,0.067584001,7575757.516588
poly_sub_n,512,512,1,0.069632001,7352941.047517
poly_sub_n,512,1024,1,0.068608001,7462686.472040
poly_tomsg_n,512,16,32,0.116736002,4385964.827128
poly_tomsg_n,512,32,16,0.115712002,4424778.687652
poly_tomsg_n,512,64,8,0.115712002,4424778.687652
poly_tomsg_n,512,128,4,0.119808003,4273504.155567
poly_tomsg_n,512,192,3,0.120832004,4237288.007490
poly_tomsg_n,512,256,2,0.122879997,4166666.771926
poly_tomsg_n,512,512,1,0.168960005,3030302.939822
poly_tomsg_n,512,1024,1,0.168960005,3030302.939822
sha3_512_n,1024,16,64,0.433535993,2361972.284423
sha3_512_n,1024,32,32,0.434911996,2354499.321980
sha3_512_n,1024,64,16,0.434303999,2357795.466960
sha3_512_n,1024,128,8,0.433472008,2362320.939419
sha3_512_n,1024,192,6,0.434399992,2357274.443651
sha3_512_n,1024,256,4,0.070015997,14625229.209648
sha3_512_n,1024,512,2,0.084224001,12158054.628509
gen_matrix_n,1024,16,64,6.420479774,159489.638776
gen_matrix_n,1024,32,32,6.328320026,161812.297060
gen_matrix_n,1024,64,16,6.871040344,149031.289106
gen_matrix_n,1024,128,8,6.676479816,153374.237346
gen_matrix_n,1024,192,6,8.360960007,122473.974182
gen_matrix_n,1024,256,4,6.365183830,160875.165165
poly_getnoise,1024,16,64,0.565248072,1811593.971670
poly_getnoise,1024,32,32,0.551936090,1855287.267071
poly_getnoise,1024,64,16,0.551936090,1855287.267071
poly_getnoise,1024,128,8,0.552960038,1851851.723971
poly_getnoise,1024,192,6,0.588800013,1739130.396192
poly_getnoise,1024,256,4,0.595936000,1718305.320376
polyvec_ntt_n,1024,16,64,16.743423462,61158.340905
polyvec_ntt_n,1024,32,32,16.308223724,62790.406687
polyvec_ntt_n,1024,64,16,16.562175751,61827.625513
polyvec_ntt_n,1024,128,8,16.154624939,63387.420251
polyvec_ntt_n,1024,192,6,15.651840210,65423.617048
polyvec_ntt_n,1024,256,4,9.253888130,110656.189657
polyvec_ntt_n,1024,512,2,12.742400169,80361.626255
polyvec_ntt_n,1024,1024,1,11.346752167,90246.088480
polyvec_pointwise_acc_n,1024,16,64,21.686269760,47218.816852
polyvec_pointwise_acc_n,1024,32,32,21.326847076,48014.598517
polyvec_pointwise_acc_n,1024,64,16,21.885951996,46788.003565
polyvec_pointwise_acc_n,1024,128,8,21.588993073,47431.577590
polyvec_pointwise_acc_n,1024,192,6,21.136383057,48447.267314
polyvec_pointwise_acc_n,1024,256,4,11.422529221,89647.395969
polyvec_pointwise_acc_n,1024,512,2,16.697246552,61327.476769
polyvec_pointwise_acc_n,1024,1024,1,20.003871918,51190.089809
poly_frommont_n,1024,16,64,0.310271978,3300330.262991
poly_frommont_n,1024,32,32,0.301056027,3401360.234510
poly_frommont_n,1024,64,16,0.301056027,3401360.234510
poly_frommont_n,1024,128,8,0.301056027,3401360.234510
poly_frommont_n,1024,192,6,0.304128021,3367003.134492
poly_frommont_n,1024,256,4,0.242303997,4226096.191159
poly_frommont_n,1024,512,2,0.308224022,3322258.894894
poly_frommont_n,1024,1024,1,0.316415995,3236246.002156
polyvec_add_n,1024,16,64,0.549888015,1862197.342826
polyvec_add_n,1024,32,32,0.520192027,1968503.834487
polyvec_add_n,1024,64,16,0.522239983,1960784.377246
polyvec_add_n,1024,128,8,0.520192027,1968503.834487
polyvec_add_n,1024,192,6,0.530431986,1930501.981982
polyvec_add_n,1024,256,4,0.528383970,1937984.605201
polyvec_add_n,1024,512,2,0.548864007,1865671.618010
polyvec_add_n,1024,1024,1,0.599040031,1709401.619705
polyvec_reduce_n,1024,16,64,0.596992016,1715265.820702
polyvec_reduce_n,1024,32,32,0.579584002,1766784.444692
polyvec_reduce_n,1024,64,16,0.578559995,1769911.520646
polyvec_reduce_n,1024,128,8,0.580608010,1763668.399072
polyvec_reduce_n,1024,192,6,0.583680034,1754385.863668
polyvec_reduce_n,1024,256,4,0.589823961,1736111.225146
polyvec_reduce_n,1024,512,2,0.604159951,1694915.391113
polyvec_reduce_n,1024,1024,1,0.650176048,1574958.048225
pack_sk_n,1024,16,64,0.963584006,1062699.249678
pack_sk_n,1024,32,32,1.005568027,1018329.911055
pack_sk_n,1024,64,16,1.044479966,980392.188623
pack_sk_n,1024,128,8,1.058815956,967118.028478
pack_sk_n,1024,192,6,1.079295993,948766.609700
pack_sk_n,1024,256,4,0.698368013,1466275.632729
pack_sk_n,1024,512,2,1.137344003,900343.253710
pack_sk_n,1024,1024,1,1.900544047,538793.090023
pack_pk_n,1024,16,64,0.991231978,1033057.874231
pack_pk_n,1024,32,32,0.994304001,1029866.116026
pack_pk_n,1024,64,16,1.053696036,971817.264833
pack_pk_n,1024,128,8,1.069056034,957854.375588
pack_pk_n,1024,192,6,1.093631983,936329.602738
pack_pk_n,1024,256,4,0.721728027,1418817.008459
pack_pk_n,1024,512,2,1.148928046,891265.561288
pack_pk_n,1024,1024,1,1.956640005,523346.143044
unpack_pk_n,1024,16,64,0.159743994,6410256.631989
unpack_pk_n,1024,32,32,0.181247994,5649717.691685
unpack_pk_n,1024,64,16,0.182272002,5617977.463335
unpack_pk_n,1024,128,8,0.183295995,5586592.331254
unpack_pk_n,1024,192,6,0.207872003,4926108.295782
unpack_pk_n,1024,256,4,0.245536000,4170467.882237
unpack_pk_n,1024,512,2,0.496639997,2061855.683525
unpack_pk_n,1024,1024,1,0.977919996,1047120.423362
poly_frommsg_n,1024,16,64,0.038911998,26315790.642352
poly_frommsg_n,1024,32,32,0.043008000,23809523.998534
poly_frommsg_n,1024,64,16,0.040959999,25000000.631553
poly_frommsg_n,1024,128,8,0.043008000,23809523.998534
poly_frommsg_n,1024,192,6,0.043008000,23809523.998534
poly_frommsg_n,1024,256,4,0.043008000,23809523.998534
poly_frommsg_n,1024,512,2,0.044032000,23255813.950718
poly_frommsg_n,1024,1024,1,0.070656002,14492753.301598
polyvec_invntt_n,1024,16,64,3.375103951,303398.062702
polyvec_invntt_n,1024,32,32,3.334144115,307125.296491
polyvec_invntt_n,1024,64,16,3.326976061,307787.005757
polyvec_invntt_n,1024,128,8,3.324928045,307976.589585
polyvec_invntt_n,1024,192,6,3.315711975,308832.615043
polyvec_invntt_n,1024,256,4,1.637375951,625390.888080
polyvec_invntt_n,1024,512,2,1.661952019,616142.938217
polyvec_invntt_n,1024,1024,1,2.594815969,394632.995962
poly_invntt_n,1024,16,64,0.832512021,1230012.269000
poly_invntt_n,1024,32,32,0.819199979,1250000.031578
poly_invntt_n,1024,64,16,0.817152023,1253132.796325
poly_invntt_n,1024,128,8,0.817152023,1253132.796325
poly_invntt_n,1024,192,6,0.818176031,1251564.407976
poly_invntt_n,1024,256,4,0.822272003,1245330.008369
poly_invntt_n,1024,512,2,0.831359982,1231716.731099
poly_invntt_n,1024,1024,1,1.288192034,794912.538781
poly_add_n,1024,16,64,0.151552007,6756756.462402
poly_add_n,1024,32,32,0.140287995,7299270.315537
poly_add_n,1024,64,16,0.139264002,7352941.047517
poly_add_n,1024,128,8,0.139264002,7352941.047517
poly_add_n,1024,192,6,0.141312003,7246376.650799
poly_add_n,1024,256,4,0.144383997,7092198.742426
poly_add_n,1024,512,2,0.145408005,7042253.302106
poly_add_n,1024,1024,1,0.156672001,6535947.675498
poly_reduce_n,1024,16,64,0.154624000,6622516.548081
poly_reduce_n,1024,32,32,0.151552007,6756756.462402
poly_reduce_n,1024,64,16,0.151552007,6756756.462402
poly_reduce_n,1024,128,8,0.150528014,6802720.469019
poly_reduce_n,1024,192,6,0.151552007,6756756.462402
poly_reduce_n,1024,256,4,0.150528014,6802720.469019
poly_reduce_n,1024,512,2,0.121855997,8403361.582515
poly_reduce_n,1024,1024,1,0.156672001,6535947.675498
pack_ciphertext_n,1024,16,64,1.102848053,928505.062175
pack_ciphertext_n,1024,32,32,1.100800037,930232.526548
pack_ciphertext_n,1024,64,16,1.141759992,896860.993109
pack_ciphertext_n,1024,128,8,1.141759992,896860.993109
pack_ciphertext_n,1024,192,6,1.230847955,831946.785993
pack_ciphertext_n,1024,256,4,0.788479984,1298701.325373
pack_ciphertext_n,1024,512,2,1.190912008,859845.221877
pack_ciphertext_n,1024,1024,1,2.068831921,494965.294083
unpack_ciphertext_n,1024,16,64,0.207872003,4926108.295782
unpack_ciphertext_n,1024,32,32,0.230399996,4444444.520790
unpack_ciphertext_n,1024,64,16,0.235520005,4347825.990479
unpack_ciphertext_n,1024,128,8,0.236543998,4329004.363370
unpack_ciphertext_n,1024,192,6,0.267264009,3831417.502352
unpack_ciphertext_n,1024,256,4,0.312319994,3278688.587863
unpack_ciphertext_n,1024,512,2,0.616447985,1661129.608062
unpack_ciphertext_n,1024,1024,1,1.228608012,833463.553739
unpack_sk_n,1024,16,64,0.155647993,6578947.660588
unpack_sk_n,1024,32,32,0.175104007,5847952.978424
unpack_sk_n,1024,64,16,0.177151993,5780347.051921
unpack_sk_n,1024,128,8,0.178176001,5747126.413742
unpack_sk_n,1024,192,6,0.195583999,5235602.116808
unpack_sk_n,1024,256,4,0.229376003,4464285.653053
unpack_sk_n,1024,512,2,0.443392009,2309468.777673
unpack_sk_n,1024,1024,1,0.924383998,1107764.740960
poly_sub_n,1024,16,64,0.075776003,13513512.924804
poly_sub_n,1024,32,32,0.070656002,14492753.301598
poly_sub_n,1024,64,16,0.071680002,14285713.904157
poly_sub_n,1024,128,8,0.070656002,14492753.301598
poly_sub_n,1024,192,6,0.072704002,14084506.604212
poly_sub_n,1024,256,4,0.071680002,14285713.904157
poly_sub_n,1024,512,2,0.063487999,16129032.476237
poly_sub_n,1024,1024,1,0.074752003,13698629.595564
poly_tomsg_n,1024,16,64,0.118784003,8620689.440372
poly_tomsg_n,1024,32,32,0.120832004,8474576.014979
poly_tomsg_n,1024,64,16,0.120832004,8474576.014979
poly_tomsg_n,1024,128,8,0.120832004,8474576.014979
poly_tomsg_n,1024,192,6,0.121855997,8403361.582515
poly_tomsg_n,1024,256,4,0.125952005,8130080.953129
poly_tomsg_n,1024,512,2,0.139264002,7352941.047517
poly_tomsg_n,1024,1024,1,0.266240001,3846153.835683
sha3_512_n,2048,16,128,0.436096013,4696213.542119
sha3_512_n,2048,32,64,0.430207998,4760487.977009
sha3_512_n,2048,64,32,0.430848002,4753416.491271
sha3_512_n,2048,128,16,0.507232010,4037600.068908
sha3_512_n,2048,192,11,0.434047997,4718372.194240
sha3_512_n,2048,256,8,0.424160004,4828366.612406
sha3_512_n,2048,512,4,0.444447994,4607963.196095
gen_matrix_n,2048,16,128,14.349311829,142724.614564
gen_matrix_n,2048,32,64,8.744959831,234192.041990
gen_matrix_n,2048,64,32,9.384960175,218221.490758
gen_matrix_n,2048,128,16,10.239999771,200000.004470
gen_matrix_n,2048,192,11,8.636415482,237135.418551
gen_matrix_n,2048,256,8,10.036224365,204060.802695
poly_getnoise,2048,16,128,0.935936034,2188183.728590
poly_getnoise,2048,32,64,0.579584002,3533568.889383
poly_getnoise,2048,64,32,0.583679974,3508772.085647
poly_getnoise,2048,128,16,0.589824021,3472222.099407
poly_getnoise,2048,192,11,0.588800013,3478260.792383
poly_getnoise,2048,256,8,0.616447985,3322259.216125
polyvec_ntt_n,2048,16,128,17.561599731,116618.077585
polyvec_ntt_n,2048,32,64,17.015808105,120358.668087
polyvec_ntt_n,2048,64,32,18.827262878,108778.424842
polyvec_ntt_n,2048,128,16,16.790527344,121973.536511
polyvec_ntt_n,2048,192,11,16.715776443,122518.987193
polyvec_ntt_n,2048,256,8,16.596992493,123395.850236
polyvec_ntt_n,2048,512,4,18.312192917,111838.052892
polyvec_ntt_n,2048,1024,2,18.636800766,109890.105374
polyvec_pointwise_acc_n,2048,16,128,23.769088745,86162.327128
polyvec_pointwise_acc_n,2048,32,64,22.867969513,89557.579602
polyvec_pointwise_acc_n,2048,64,32,24.776702881,82658.294360
polyvec_pointwise_acc_n,2048,128,16,23.144447327,88487.747022
polyvec_pointwise_acc_n,2048,192,11,22.628353119,90505.923663
polyvec_pointwise_acc_n,2048,256,8,22.466560364,91157.701350
polyvec_pointwise_acc_n,2048,512,4,23.433216095,87397.307809
polyvec_pointwise_acc_n,2048,1024,2,31.064064026,65928.269987
poly_frommont_n,2048,16,128,0.345088005,5934718.013768
poly_frommont_n,2048,32,64,0.314368010,6514657.782193
poly_frommont_n,2048,64,32,0.313344002,6535947.675498
poly_frommont_n,2048,128,16,0.312319994,6557377.175726
poly_frommont_n,2048,192,11,0.314367980,6514658.399788
poly_frommont_n,2048,256,8,0.315391988,6493506.749585
poly_frommont_n,2048,512,4,0.328704000,6230529.604126
poly_frommont_n,2048,1024,2,0.344063997,5952380.999633
polyvec_add_n,2048,16,128,0.655359983,3125000.078944
polyvec_add_n,2048,32,64,0.559104025,3663003.496830
polyvec_add_n,2048,64,32,0.561151981,3649635.157768
polyvec_add_n,2048,128,16,0.566272020,3616636.398123
polyvec_add_n,2048,192,11,0.562175989,3642987.319848
polyvec_add_n,2048,256,8,0.564224005,3629764.034807
polyvec_add_n,2048,512,4,0.584703982,3502627.078796
polyvec_add_n,2048,1024,2,0.617471993,3316749.623171
polyvec_reduce_n,2048,16,128,0.652288020,3139717.330814
polyvec_reduce_n,2048,32,64,0.604160011,3389830.447795
polyvec_reduce_n,2048,64,32,0.604160011,3389830.447795
polyvec_reduce_n,2048,128,16,0.605184019,3384094.650578
polyvec_reduce_n,2048,192,11,0.607231975,3372681.422686
polyvec_reduce_n,2048,256,8,0.611328006,3350083.720361
polyvec_reduce_n,2048,512,4,0.629760027,3252032.381252
polyvec_reduce_n,2048,1024,2,0.661503971,3095975.369688
pack_sk_n,2048,16,128,1.120255947,1828153.651206
pack_sk_n,2048,32,64,1.102848053,1857010.124349
pack_sk_n,2048,64,32,1.181696057,1733102.168967
pack_sk_n,2048,128,16,1.278975964,1601281.070402
pack_sk_n,2048,192,11,1.175552011,1742160.263131
pack_sk_n,2048,256,8,1.265663981,1618123.001078
pack_sk_n,2048,512,4,2.212863922,925497.487455
pack_sk_n,2048,1024,2,4.122623920,496770.998161
pack_pk_n,2048,16,128,1.135615945,1803426.597932
pack_pk_n,2048,32,64,1.120255947,1828153.651206
pack_pk_n,2048,64,32,1.190912008,1719690.443754
pack_pk_n,2048,128,16,1.284096003,1594896.328536
pack_pk_n,2048,192,11,1.180672050,1734605.304520
pack_pk_n,2048,256,8,1.276927948,1603849.303487
pack_pk_n,2048,512,4,2.225152016,920386.555868
pack_pk_n,2048,1024,2,4.189184189,488878.002895
unpack_pk_n,2048,16,128,0.177151993,11560694.103841
unpack_pk_n,2048,32,64,0.195583999,10471204.233617
unpack_pk_n,2048,64,32,0.201728001,10152284.201710
unpack_pk_n,2048,128,16,0.250880003,8163265.209305
unpack_pk_n,2048,192,11,0.209920004,9756097.374600
unpack_pk_n,2048,256,8,0.249855995,8196721.469658
unpack_pk_n,2048,512,4,1.031167984,1986097.349569
unpack_pk_n,2048,1024,2,2.086911917,981354.308047
poly_frommsg_n,2048,16,128,0.039935999,51282053.055912
poly_frommsg_n,2048,32,64,0.044032000,46511627.901436
poly_frommsg_n,2048,64,32,0.043008000,47619047.997067
poly_frommsg_n,2048,128,16,0.043008000,47619047.997067
poly_frommsg_n,2048,192,11,0.043008000,47619047.997067
poly_frommsg_n,2048,256,8,0.044032000,46511627.901436
poly_frommsg_n,2048,512,4,0.045056000,45454545.099527
poly_frommsg_n,2048,1024,2,0.071680002,28571427.808314
polyvec_invntt_n,2048,16,128,3.947520018,518806.742171
polyvec_invntt_n,2048,32,64,3.371007919,607533.428880
polyvec_invntt_n,2048,64,32,3.584000111,571428.553790
polyvec_invntt_n,2048,128,16,3.379199982,606060.609345
polyvec_invntt_n,2048,192,11,3.352576017,610873.546009
polyvec_invntt_n,2048,256,8,3.451904058,593295.747888
polyvec_invntt_n,2048,512,4,3.345407963,612182.437172
polyvec_invntt_n,2048,1024,2,4.059135914,504540.878519
poly_invntt_n,2048,16,128,0.860159993,2380952.399853
poly_invntt_n,2048,32,64,0.828415990,2472187.916492
poly_invntt_n,2048,64,32,0.826367974,2478314.823104
poly_invntt_n,2048,128,16,0.825344026,2481389.499728
poly_invntt_n,2048,192,11,0.827391982,2475247.578367
poly_invntt_n,2048,256,8,0.827391982,2475247.578367
poly_invntt_n,2048,512,4,0.842751980,2430133.715519
poly_invntt_n,2048,1024,2,2.014208078,1016776.777920
poly_add_n,2048,16,128,0.184320003,11111110.942668
poly_add_n,2048,32,64,0.152575999,13422818.836077
poly_add_n,2048,64,32,0.152575999,13422818.836077
poly_add_n,2048,128,16,0.150528014,13605440.938038
poly_add_n,2048,192,11,0.153600007,13333332.700034
poly_add_n,2048,256,8,0.153600007,13333332.700034
poly_add_n,2048,512,4,0.160768002,12738853.323185
poly_add_n,2048,1024,2,0.172031999,11904761.999267
poly_reduce_n,2048,16,128,0.171007991,11976048.545889
poly_reduce_n,2048,32,64,0.155647993,13157895.321176
poly_reduce_n,2048,64,32,0.155647993,13157895.321176
poly_reduce_n,2048,128,16,0.154624000,13245033.096163
poly_reduce_n,2048,192,11,0.156672001,13071895.350996
poly_reduce_n,2048,256,8,0.156672001,13071895.350996
poly_reduce_n,2048,512,4,0.161791995,12658228.226167
poly_reduce_n,2048,1024,2,0.166911989,12269939.425819
pack_ciphertext_n,2048,16,128,1.225728035,1670843.728434
pack_ciphertext_n,2048,32,64,1.221632004,1676445.929426
pack_ciphertext_n,2048,64,32,1.271808028,1610305.922400
pack_ciphertext_n,2048,128,16,1.373183966,1491424.347488
pack_ciphertext_n,2048,192,11,1.260543942,1624695.443792
pack_ciphertext_n,2048,256,8,1.352704048,1514004.488115
pack_ciphertext_n,2048,512,4,2.296832085,891662.918540
pack_ciphertext_n,2048,1024,2,4.259840012,480769.229460
unpack_ciphertext_n,2048,16,128,0.232447997,8810572.810958
unpack_ciphertext_n,2048,32,64,0.251904011,8130080.953129
unpack_ciphertext_n,2048,64,32,0.260096014,7874015.337947
unpack_ciphertext_n,2048,128,16,0.312319994,6557377.175726
unpack_ciphertext_n,2048,192,11,0.268287987,7633588.169892
unpack_ciphertext_n,2048,256,8,0.314368010,6514657.782193
unpack_ciphertext_n,2048,512,4,1.156095982,1771479.213317
unpack_ciphertext_n,2048,1024,2,2.327552080,879894.382369
unpack_sk_n,2048,16,128,0.169983998,12048192.917022
unpack_sk_n,2048,32,64,0.188416004,10869564.976198
unpack_sk_n,2048,64,32,0.191487998,10695187.290310
unpack_sk_n,2048,128,16,0.231424004,8849557.375303
unpack_sk_n,2048,192,11,0.197632000,10362694.308369
unpack_sk_n,2048,256,8,0.232447997,8810572.810958
unpack_sk_n,2048,512,4,0.995328009,2057613.149853
unpack_sk_n,2048,1024,2,2.009088039,1019367.971855
poly_sub_n,2048,16,128,0.091136001,22471909.853339
poly_sub_n,2048,32,64,0.077823997,26315790.642352
poly_sub_n,2048,64,32,0.078847997,25974026.998339
poly_sub_n,2048,128,16,0.077823997,26315790.642352
poly_sub_n,2048,192,11,0.078847997,25974026.998339
poly_sub_n,2048,256,8,0.078847997,25974026.998339
poly_sub_n,2048,512,4,0.082943998,24691358.537550
poly_sub_n,2048,1024,2,0.089088000,22988505.654966
poly_tomsg_n,2048,16,128,0.128000006,15999999.240041
poly_tomsg_n,2048,32,64,0.124927998,16393442.939315
poly_tomsg_n,2048,64,32,0.125952005,16260161.906258
poly_tomsg_n,2048,128,16,0.129023999,15873015.999022
poly_tomsg_n,2048,192,11,0.125952005,16260161.906258
poly_tomsg_n,2048,256,8,0.130048007,15748030.675894
poly_tomsg_n,2048,512,4,0.177151993,11560694.103841
poly_tomsg_n,2048,1024,2,0.274432003,7462686.472040
sha3_512_n,4096,16,256,0.427264005,9586578.678726
sha3_512_n,4096,32,128,0.422656000,9691096.313054
sha3_512_n,4096,64,64,0.418368012,9790423.467676
sha3_512_n,4096,128,32,0.429823995,9529481.953337
sha3_512_n,4096,192,22,0.421920002,9708001.482205
sha3_512_n,4096,256,16,0.398272008,10284428.533191
sha3_512_n,4096,512,8,0.425760001,9620443.420981
gen_matrix_n,4096,16,256,22.441982269,182515.071568
gen_matrix_n,4096,32,128,18.325504303,223513.630636
gen_matrix_n,4096,64,64,18.970623016,215912.782436
gen_matrix_n,4096,128,32,19.163135529,213743.726537
gen_matrix_n,4096,192,22,18.442239761,222098.836855
gen_matrix_n,4096,256,16,21.033985138,194732.475712
poly_getnoise,4096,16,256,1.329151988,3081664.126367
poly_getnoise,4096,32,128,1.023999929,4000000.275672
poly_getnoise,4096,64,64,1.007616043,4065040.476565
poly_getnoise,4096,128,32,1.057791948,3872217.033332
poly_getnoise,4096,192,22,1.050623894,3898635.871899
poly_getnoise,4096,256,16,1.093632102,3745318.002701
polyvec_ntt_n,4096,16,256,24.656896591,166119.851493
polyvec_ntt_n,4096,32,128,20.770816803,197199.755737
polyvec_ntt_n,4096,64,64,21.232639313,192910.543982
polyvec_ntt_n,4096,128,32,21.370880127,191662.672556
polyvec_ntt_n,4096,192,22,21.390335083,191488.351356
polyvec_ntt_n,4096,256,16,21.404672623,191360.086286
polyvec_ntt_n,4096,512,8,20.781055450,197102.597112
polyvec_ntt_n,4096,1024,4,23.266304016,176048.589289
polyvec_pointwise_acc_n,4096,16,256,32.044033051,127824.109829
polyvec_pointwise_acc_n,4096,32,128,29.279232025,139894.379623
polyvec_pointwise_acc_n,4096,64,64,29.410305023,139270.911906
polyvec_pointwise_acc_n,4096,128,32,29.824001312,137339.049751
polyvec_pointwise_acc_n,4096,192,22,30.261249542,135354.622230
polyvec_pointwise_acc_n,4096,256,16,30.382080078,134816.312427
polyvec_pointwise_acc_n,4096,512,8,30.638078690,133689.845290
polyvec_pointwise_acc_n,4096,1024,4,32.197631836,127214.324981
poly_frommont_n,4096,16,256,0.440320015,9302325.265481
poly_frommont_n,4096,32,128,0.348160028,11764704.920738
poly_frommont_n,4096,64,64,0.345088005,11869436.027536
poly_frommont_n,4096,128,32,0.344063997,11904761.999267
poly_frommont_n,4096,192,22,0.348159999,11764705.927791
poly_frommont_n,4096,256,16,0.344063997,11904761.999267
poly_frommont_n,4096,512,8,0.349184006,11730205.061830
poly_frommont_n,4096,1024,4,0.363519996,11267605.745244
polyvec_add_n,4096,16,256,2.079743862,1969473.296467
polyvec_add_n,4096,32,128,0.676864028,6051436.966213
polyvec_add_n,4096,64,64,0.679936051,6024095.930426
polyvec_add_n,4096,128,32,0.669695973,6116208.194037
polyvec_add_n,4096,192,22,0.684032023,5988023.751165
polyvec_add_n,4096,256,16,0.683008015,5997001.366178
polyvec_add_n,4096,512,8,0.681984007,6006005.941202
polyvec_add_n,4096,1024,4,0.722944021,5665722.213263
polyvec_reduce_n,4096,16,256,0.824319959,4968944.348412
polyvec_reduce_n,4096,32,128,0.681984007,6006005.941202
polyvec_reduce_n,4096,64,64,0.680960000,6015037.597860
polyvec_reduce_n,4096,128,32,0.680960000,6015037.597860
polyvec_reduce_n,4096,192,22,0.692224026,5917159.543404
polyvec_reduce_n,4096,256,16,0.692224026,5917159.543404
polyvec_reduce_n,4096,512,8,0.690176010,5934718.013768
polyvec_reduce_n,4096,1024,4,0.731135964,5602241.169188
pack_sk_n,4096,16,256,1.677312016,2442002.417999
pack_sk_n,4096,32,128,1.340415955,3055767.865172
pack_sk_n,4096,64,64,1.765375972,2320185.651919
pack_sk_n,4096,128,32,2.086911917,1962708.616094
pack_sk_n,4096,192,22,2.105344057,1945525.239079
pack_sk_n,4096,256,16,2.295808077,1784121.260521
pack_sk_n,4096,512,8,2.277375937,1798561.201222
pack_sk_n,4096,1024,4,4.164608002,983525.940093
pack_pk_n,4096,16,256,1.995776057,2052334.471663
pack_pk_n,4096,32,128,1.359871984,3012048.229255
pack_pk_n,4096,64,64,1.985535979,2062919.051965
pack_pk_n,4096,128,32,2.108416080,1942690.552368
pack_pk_n,4096,192,22,2.113535881,1937984.605201
pack_pk_n,4096,256,16,2.321408033,1764446.379576
pack_pk_n,4096,512,8,2.198528051,1863064.697963
pack_pk_n,4096,1024,4,4.244480133,965018.063838
unpack_pk_n,4096,16,256,0.335871994,12195122.151085
unpack_pk_n,4096,32,128,0.336896002,12158054.628509
unpack_pk_n,4096,64,64,0.367615998,11142061.348281
unpack_pk_n,4096,128,32,0.404480010,10126582.021334
unpack_pk_n,4096,192,22,0.381951988,10723860.933935
unpack_pk_n,4096,256,16,1.087488055,3766478.151465
unpack_pk_n,4096,512,8,1.071104050,3824091.600824
unpack_pk_n,4096,1024,4,2.103296041,1947419.630525
poly_frommsg_n,4096,16,256,0.041983999,97560977.208684
poly_frommsg_n,4096,32,128,0.045056000,90909090.199054
poly_frommsg_n,4096,64,64,0.046080001,88888887.541346
poly_frommsg_n,4096,128,32,0.046080001,88888887.541346
poly_frommsg_n,4096,192,22,0.045056000,90909090.199054
poly_frommsg_n,4096,256,16,0.047104001,86956519.809585
poly_frommsg_n,4096,512,8,0.047104001,86956519.809585
poly_frommsg_n,4096,1024,4,0.071680002,57142855.616629
polyvec_invntt_n,4096,16,256,5.192704201,788799.022947
polyvec_invntt_n,4096,32,128,4.247551918,964320.172901
polyvec_invntt_n,4096,64,64,4.240384102,965950.230357
polyvec_invntt_n,4096,128,32,4.279295921,957166.803910
polyvec_invntt_n,4096,192,22,4.311039925,950118.781458
polyvec_invntt_n,4096,256,16,4.337664127,944287.035544
polyvec_invntt_n,4096,512,8,4.356095791,940291.535506
polyvec_invntt_n,4096,1024,4,5.001215935,819000.829686
poly_invntt_n,4096,16,256,2.282495975,1794526.712851
poly_invntt_n,4096,32,128,2.066431999,1982160.555766
poly_invntt_n,4096,64,64,2.049024105,1999000.397243
poly_invntt_n,4096,128,32,2.085887909,1963672.152494
poly_invntt_n,4096,192,22,2.073599815,1975308.817855
poly_invntt_n,4096,256,16,2.044928074,2003004.434392
poly_invntt_n,4096,512,8,2.092031956,1957905.083047
poly_invntt_n,4096,1024,4,2.230271816,1836547.442401
poly_add_n,4096,16,256,0.253951997,16129032.476237
poly_add_n,4096,32,128,0.179199994,22857143.672145
poly_add_n,4096,64,64,0.179199994,22857143.672145
poly_add_n,4096,128,32,0.178176001,22988505.654966
poly_add_n,4096,192,22,0.181248009,22598868.908791
poly_add_n,4096,256,16,0.178176001,22988505.654966
poly_add_n,4096,512,8,0.179199994,22857143.672145
poly_add_n,4096,1024,4,0.185344011,22099446.250936
poly_reduce_n,4096,16,256,0.221184000,18518518.487299
poly_reduce_n,4096,32,128,0.174079999,23529411.855582
poly_reduce_n,4096,64,64,0.169983998,24096385.834043
poly_reduce_n,4096,128,32,0.169983998,24096385.834043
poly_reduce_n,4096,192,22,0.172031999,23809523.998534
poly_reduce_n,4096,256,16,0.171007991,23952097.091778
poly_reduce_n,4096,512,8,0.174079999,23529411.855582
poly_reduce_n,4096,1024,4,0.179199994,22857143.672145
pack_ciphertext_n,4096,16,256,2.147327900,1907486.974918
pack_ciphertext_n,4096,32,128,2.041856050,2006018.004557
pack_ciphertext_n,4096,64,64,2.115583897,1936108.516666
pack_ciphertext_n,4096,128,32,2.221055984,1844167.832144
pack_ciphertext_n,4096,192,22,2.206720114,1856148.396197
pack_ciphertext_n,4096,256,16,2.423808098,1689902.762373
pack_ciphertext_n,4096,512,8,2.407423973,1701403.677041
pack_ciphertext_n,4096,1024,4,4.376575947,935891.447968
unpack_ciphertext_n,4096,16,256,0.415744007,9852216.591563
unpack_ciphertext_n,4096,32,128,0.424959987,9638554.502605
unpack_ciphertext_n,4096,64,64,1.173503995,3490401.411206
unpack_ciphertext_n,4096,128,32,1.072128057,3820439.145701
unpack_ciphertext_n,4096,192,22,1.050624013,3898635.429539
unpack_ciphertext_n,4096,256,16,1.191936016,3436426.070471
unpack_ciphertext_n,4096,512,8,1.189888000,3442340.790326
unpack_ciphertext_n,4096,1024,4,2.372607946,1726370.345434
unpack_sk_n,4096,16,256,0.316415995,12944984.008622
unpack_sk_n,4096,32,128,0.319487989,12820513.263978
unpack_sk_n,4096,64,64,0.355327994,11527377.728222
unpack_sk_n,4096,128,32,0.387071997,10582010.666015
unpack_sk_n,4096,192,22,0.361472011,11331444.426526
unpack_sk_n,4096,256,16,1.037312031,3948667.207563
unpack_sk_n,4096,512,8,1.034240007,3960396.011265
unpack_sk_n,4096,1024,4,2.060287952,1988071.616486
poly_sub_n,4096,16,256,0.129023999,31746031.998045
poly_sub_n,4096,32,128,0.090112001,45454545.099527
poly_sub_n,4096,64,64,0.095232002,43010751.587469
poly_sub_n,4096,128,32,0.092160001,44444443.770673
poly_sub_n,4096,192,22,0.093184002,43956043.133475
poly_sub_n,4096,256,16,0.092160001,44444443.770673
poly_sub_n,4096,512,8,0.090112001,45454545.099527
poly_sub_n,4096,1024,4,0.099327996,41237114.907778
poly_tomsg_n,4096,16,256,0.193535998,21164021.332030
poly_tomsg_n,4096,32,128,0.171008006,23952095.004659
poly_tomsg_n,4096,64,64,0.172031999,23809523.998534
poly_tomsg_n,4096,128,32,0.174079999,23529411.855582
poly_tomsg_n,4096,192,22,0.175104007,23391811.913695
poly_tomsg_n,4096,256,16,0.187391996,21857923.919087
poly_tomsg_n,4096,512,8,0.186368003,21978021.566738
poly_tomsg_n,4096,1024,4,0.280575991,14598540.631073
sha3_512_n,8192,16,512,0.382687986,21406472.901931
sha3_512_n,8192,32,256,0.354528010,23106777.945435
sha3_512_n,8192,64,128,0.382207990,21433356.237756
sha3_512_n,8192,128,64,0.388256013,21099480.027111
sha3_512_n,8192,192,43,0.416384012,19674146.397578
sha3_512_n,8192,256,32,0.396575987,20656823.059226
sha3_512_n,8192,512,16,0.439936012,18620889.802147
gen_matrix_n,8192,16,512,40.532993317,202106.958546
gen_matrix_n,8192,32,256,30.771200180,266222.960173
gen_matrix_n,8192,64,128,30.887935638,265216.817851
gen_matrix_n,8192,128,64,32.183296204,254541.981908
gen_matrix_n,8192,192,43,30.304256439,270325.061974
gen_matrix_n,8192,256,32,32.792575836,249812.641768
poly_getnoise,8192,16,512,2.192384243,3736571.281295
poly_getnoise,8192,32,256,1.490944028,5494505.391684
poly_getnoise,8192,64,128,1.460223913,5610098.510227
poly_getnoise,8192,128,64,1.491967797,5490735.131776
poly_getnoise,8192,192,43,1.555455804,5266623.442217
poly_getnoise,8192,256,32,1.570815921,5215124.122038
polyvec_ntt_n,8192,16,512,60.763137817,134818.580710
polyvec_ntt_n,8192,32,256,36.383743286,225155.502433
polyvec_ntt_n,8192,64,128,36.135936737,226699.533476
polyvec_ntt_n,8192,128,64,35.708927155,229410.420664
polyvec_ntt_n,8192,192,43,36.586494446,223907.759519
polyvec_ntt_n,8192,256,32,34.630657196,236553.408549
polyvec_ntt_n,8192,512,16,37.315582275,219532.953808
polyvec_ntt_n,8192,1024,8,37.610496521,217811.535549
polyvec_pointwise_acc_n,8192,16,512,70.692863464,115881.569914
polyvec_pointwise_acc_n,8192,32,256,33.645565033,243479.340947
polyvec_pointwise_acc_n,8192,64,128,33.134593964,247234.054203
polyvec_pointwise_acc_n,8192,128,64,33.404926300,245233.290636
polyvec_pointwise_acc_n,8192,192,43,33.496063232,244566.053723
polyvec_pointwise_acc_n,8192,256,32,33.354751587,245602.188901
polyvec_pointwise_acc_n,8192,512,16,34.478084564,237600.206147
polyvec_pointwise_acc_n,8192,1024,8,39.311359406,208387.604089
poly_frommont_n,8192,16,512,0.841727972,9732360.420715
poly_frommont_n,8192,32,256,0.413695991,19801980.626934
poly_frommont_n,8192,64,128,0.436223984,18779343.421933
poly_frommont_n,8192,128,64,0.428032011,19138755.498239
poly_frommont_n,8192,192,43,0.427008003,19184652.143553
poly_frommont_n,8192,256,32,0.432128012,18957345.437216
poly_frommont_n,8192,512,16,0.429056019,19093077.931650
poly_frommont_n,8192,1024,8,0.427008003,19184652.143553
polyvec_add_n,8192,16,512,3.871744156,2115842.284556
polyvec_add_n,8192,32,256,2.098176003,3904343.577579
polyvec_add_n,8192,64,128,2.146304131,3816793.660964
polyvec_add_n,8192,128,64,2.115583897,3872217.033332
polyvec_add_n,8192,192,43,2.121727943,3861003.963964
polyvec_add_n,8192,256,32,2.116607904,3870343.667733
polyvec_add_n,8192,512,16,2.084863901,3929273.270801
polyvec_add_n,8192,1024,8,2.115583897,3872217.033332
polyvec_reduce_n,8192,16,512,2.774015903,2953119.334948
polyvec_reduce_n,8192,32,256,0.814080000,10062893.082704
polyvec_reduce_n,8192,64,128,0.830464005,9864364.916528
polyvec_reduce_n,8192,128,64,0.820223987,9987515.762540
polyvec_reduce_n,8192,192,43,0.835584044,9803921.047019
polyvec_reduce_n,8192,256,32,0.838655949,9768010.366224
polyvec_reduce_n,8192,512,16,0.841727972,9732360.420715
polyvec_reduce_n,8192,1024,8,0.851967990,9615384.723749
pack_sk_n,8192,16,512,4.198400021,1951219.502622
pack_sk_n,8192,32,256,3.149823904,2600780.313306
pack_sk_n,8192,64,128,3.154943943,2596559.605477
pack_sk_n,8192,128,64,3.269632101,2505480.661677
pack_sk_n,8192,192,43,3.119103909,2626395.349502
pack_sk_n,8192,256,32,4.286464214,1911132.250358
pack_sk_n,8192,512,16,5.373951912,1524390.268886
pack_sk_n,8192,1024,8,4.190207958,1955034.232591
pack_pk_n,8192,16,512,5.182464123,1580715.236214
pack_pk_n,8192,32,256,3.297280073,2484471.994560
pack_pk_n,8192,64,128,3.313663960,2472187.916492
pack_pk_n,8192,128,64,4.035583973,2029941.652794
pack_pk_n,8192,192,43,3.231744051,2534854.205894
pack_pk_n,8192,256,32,4.213759899,1944106.972415
pack_pk_n,8192,512,16,5.242879868,1562500.039472
pack_pk_n,8192,1024,8,4.403200150,1860465.053096
unpack_pk_n,8192,16,512,2.048000097,3999999.810010
unpack_pk_n,8192,32,256,1.294335961,6329114.113083
unpack_pk_n,8192,64,128,1.293311954,6334125.326491
unpack_pk_n,8192,128,64,1.350656033,6065200.763557
unpack_pk_n,8192,192,43,1.282047987,6389776.422698
unpack_pk_n,8192,256,32,2.043904066,4008015.902472
unpack_pk_n,8192,512,16,2.340863943,3499562.639745
unpack_pk_n,8192,1024,8,2.320384026,3530450.093482
poly_frommsg_n,8192,16,512,0.084991999,96385543.336174
poly_frommsg_n,8192,32,256,0.064511999,126984127.992180
poly_frommsg_n,8192,64,128,0.065536000,125000000.315595
poly_frommsg_n,8192,128,64,0.059392001,137931031.045946
poly_frommsg_n,8192,192,43,0.061439998,133333336.701617
poly_frommsg_n,8192,256,32,0.063487999,129032259.809898
poly_frommsg_n,8192,512,16,0.075776003,108108103.398433
poly_frommsg_n,8192,1024,8,0.075776003,108108103.398433
polyvec_invntt_n,8192,16,512,13.216768265,619818.690613
polyvec_invntt_n,8192,32,256,7.162879944,1143674.061861
polyvec_invntt_n,8192,64,128,7.234560013,1132342.531610
polyvec_invntt_n,8192,128,64,7.528448105,1088139.266672
polyvec_invntt_n,8192,192,43,7.098368168,1154068.062723
polyvec_invntt_n,8192,256,32,7.303167820,1121705.019237
polyvec_invntt_n,8192,512,16,7.460864067,1097996.147142
polyvec_invntt_n,8192,1024,8,7.299071789,1122334.488145
poly_invntt_n,8192,16,512,6.585344315,1243974.439099
poly_invntt_n,8192,32,256,2.727936029,3003002.970601
poly_invntt_n,8192,64,128,2.710527897,3022289.499188
poly_invntt_n,8192,128,64,2.690047979,3045298.843318
poly_invntt_n,8192,192,43,2.722815990,3008649.878926
poly_invntt_n,8192,256,32,2.723839998,3007518.798930
poly_invntt_n,8192,512,16,2.732031822,2998500.944762
poly_invntt_n,8192,1024,8,2.771967888,2955301.190834
poly_add_n,8192,16,512,0.487424016,16806722.137424
poly_add_n,8192,32,256,0.236544013,34632032.725303
poly_add_n,8192,64,128,0.252927989,32388665.405972
poly_add_n,8192,128,64,0.240640014,34042551.152951
poly_add_n,8192,192,43,0.244735986,33472805.262850
poly_add_n,8192,256,32,0.242688000,33755274.233482
poly_add_n,8192,512,16,0.242688000,33755274.233482
poly_add_n,8192,1024,8,0.235520005,34782607.923834
poly_reduce_n,8192,16,512,0.424960017,19277107.653311
poly_reduce_n,8192,32,256,0.206847996,39603961.253868
poly_reduce_n,8192,64,128,0.215039998,38095238.397654
poly_reduce_n,8192,128,64,0.210943997,38834952.025867
poly_reduce_n,8192,192,43,0.210943997,38834952.025867
poly_reduce_n,8192,256,32,0.214015990,38277513.661603
poly_reduce_n,8192,512,16,0.210943997,38834952.025867
poly_reduce_n,8192,1024,8,0.212991998,38461538.894996
pack_ciphertext_n,8192,16,512,5.262335777,1556723.163764
pack_ciphertext_n,8192,32,256,3.235840082,2531645.505333
pack_ciphertext_n,8192,64,128,3.283967972,2494543.208199
pack_ciphertext_n,8192,128,64,3.966975927,2065049.082732
pack_ciphertext_n,8192,192,43,3.282943964,2495321.299974
pack_ciphertext_n,8192,256,32,4.176896095,1961264.971198
pack_ciphertext_n,8192,512,16,5.177343845,1582278.528271
pack_ciphertext_n,8192,1024,8,5.096447945,1607394.029917
unpack_ciphertext_n,8192,16,512,2.228224039,3676470.523759
unpack_ciphertext_n,8192,32,256,2.033663988,4028197.405216
unpack_ciphertext_n,8192,64,128,2.016256094,4062975.940638
unpack_ciphertext_n,8192,128,64,2.082815886,3933136.892636
unpack_ciphertext_n,8192,192,43,1.984511971,4127967.035602
unpack_ciphertext_n,8192,256,32,2.302975893,3557136.670352
unpack_ciphertext_n,8192,512,16,3.190783978,2567394.113091
unpack_ciphertext_n,8192,1024,8,3.158015966,2594033.750025
unpack_sk_n,8192,16,512,1.402879953,5839416.252429
unpack_sk_n,8192,32,256,1.240064025,6606110.519571
unpack_sk_n,8192,64,128,1.229823947,6661116.024206
unpack_sk_n,8192,128,64,1.271808028,6441223.689599
unpack_sk_n,8192,192,43,1.222656012,6700167.440721
unpack_sk_n,8192,256,32,1.411072016,5805515.174627
unpack_sk_n,8192,512,16,2.210815907,3705419.332213
unpack_sk_n,8192,1024,8,2.113535881,3875969.210402
poly_sub_n,8192,16,512,0.240640000,34042553.260970
poly_sub_n,8192,32,256,0.116736002,70175437.234049
poly_sub_n,8192,64,128,0.124927998,65573771.757261
poly_sub_n,8192,128,64,0.116736002,70175437.234049
poly_sub_n,8192,192,43,0.122879997,66666668.350808
poly_sub_n,8192,256,32,0.120832004,67796608.119833
poly_sub_n,8192,512,16,0.120832004,67796608.119833
poly_sub_n,8192,1024,8,0.122879997,66666668.350808
poly_tomsg_n,8192,16,512,0.361472011,22662888.853052
poly_tomsg_n,8192,32,256,0.227328002,36036035.647210
poly_tomsg_n,8192,64,128,0.229376003,35714285.224421
poly_tomsg_n,8192,128,64,0.235520005,34782607.923834
poly_tomsg_n,8192,192,43,0.228351995,35874440.192573
poly_tomsg_n,8192,256,32,0.261119992,31372550.035935
poly_tomsg_n,8192,512,16,0.306176007,26755852.249103
poly_tomsg_n,8192,1024,8,0.299008012,27397259.191129
sha3_512_n,16384,16,1024,0.376511991,43515214.363929
sha3_512_n,16384,32,512,0.333088011,49188200.959166
sha3_512_n,16384,64,256,0.351583987,46600529.556799
sha3_512_n,16384,128,128,0.374303997,43771907.728600
sha3_512_n,16384,192,86,0.139039993,117836599.475973
sha3_512_n,16384,256,64,0.301984012,54254527.862600
sha3_512_n,16384,512,32,0.405535996,40400852.607931
gen_matrix_n,16384,16,1024,75.418624878,217240.768133
gen_matrix_n,16384,32,512,55.363586426,295934.585487
gen_matrix_n,16384,64,256,56.092674255,292088.052807
gen_matrix_n,16384,128,128,56.552444458,289713.382985
gen_matrix_n,16384,192,86,42.081184387,389342.653696
gen_matrix_n,16384,256,64,40.604671478,403500.370857
poly_getnoise,16384,16,1024,3.848192453,4257583.319564
poly_getnoise,16384,32,512,2.383872032,6872852.140942
poly_getnoise,16384,64,256,2.355200052,6956521.584767
poly_getnoise,16384,128,128,2.395135880,6840530.485188
poly_getnoise,16384,192,86,2.930400133,5591045.337035
poly_getnoise,16384,256,64,2.547711849,6430868.547816
polyvec_ntt_n,16384,16,1024,107.780090332,152013.233145
polyvec_ntt_n,16384,32,512,64.390144348,254448.878254
polyvec_ntt_n,16384,64,256,49.512447357,330906.688611
polyvec_ntt_n,16384,128,128,48.691200256,336487.905694
polyvec_ntt_n,16384,192,86,29.767681122,550395.576093
polyvec_ntt_n,16384,256,64,35.156993866,466023.917246
polyvec_ntt_n,16384,512,32,49.909763336,328272.444204
polyvec_ntt_n,16384,1024,16,49.256450653,332626.484100
polyvec_pointwise_acc_n,16384,16,1024,122.927108765,133282.236641
polyvec_pointwise_acc_n,16384,32,512,73.764862061,222111.172479
polyvec_pointwise_acc_n,16384,64,256,53.103614807,308528.902590
polyvec_pointwise_acc_n,16384,128,128,52.316165924,313172.796794
polyvec_pointwise_acc_n,16384,192,86,35.337890625,463638.313160
polyvec_pointwise_acc_n,16384,256,64,35.978046417,455388.817114
polyvec_pointwise_acc_n,16384,512,32,53.019645691,309017.530889
polyvec_pointwise_acc_n,16384,1024,16,80.124923706,204480.693924
poly_frommont_n,16384,16,1024,1.445888042,11331444.426526
poly_frommont_n,16384,32,512,0.800768018,20460357.602255
poly_frommont_n,16384,64,256,0.609279990,26890756.735213
poly_frommont_n,16384,128,128,0.595968008,27491408.563767
poly_frommont_n,16384,192,86,0.607231975,26981451.381485
poly_frommont_n,16384,256,64,0.627712011,26101141.453539
poly_frommont_n,16384,512,32,0.602112055,27210881.876076
poly_frommont_n,16384,1024,16,0.629760027,26016259.050013
polyvec_add_n,16384,16,1024,7.277567863,2251301.575936
polyvec_add_n,16384,32,512,4.121600151,3975155.133808
polyvec_add_n,16384,64,256,2.702335835,6062902.985932
polyvec_add_n,16384,128,128,2.471935987,6628003.347592
polyvec_add_n,16384,192,86,2.003968000,8175779.252279
polyvec_add_n,16384,256,64,2.058239937,7960199.249289
polyvec_add_n,16384,512,32,2.616320133,6262230.600925
polyvec_add_n,16384,1024,16,4.142080307,3955500.324869
polyvec_reduce_n,16384,16,1024,6.255616188,2619086.514818
polyvec_reduce_n,16384,32,512,2.817023993,5816066.900174
polyvec_reduce_n,16384,64,256,2.338816166,7005253.443477
polyvec_reduce_n,16384,128,128,2.325504065,7045354.273806
polyvec_reduce_n,16384,192,86,1.807359934,9065156.139137
polyvec_reduce_n,16384,256,64,1.747967958,9373169.525673
polyvec_reduce_n,16384,512,32,2.316287994,7073386.400879
polyvec_reduce_n,16384,1024,16,2.373631954,6902502.290238
pack_sk_n,16384,16,1024,8.715264320,1879920.034290
pack_sk_n,16384,32,512,17.375232697,942951.400200
pack_sk_n,16384,64,256,13.621248245,1202826.620954
pack_sk_n,16384,128,128,14.309375763,1144983.559830
pack_sk_n,16384,192,86,6.469632149,2532446.918668
pack_sk_n,16384,256,64,7.059455872,2320858.759944
pack_sk_n,16384,512,32,15.700991631,1043500.970226
pack_sk_n,16384,1024,16,18.322431564,894204.458752
pack_pk_n,16384,16,1024,9.287679672,1764057.394116
pack_pk_n,16384,32,512,16.825344086,973769.090044
pack_pk_n,16384,64,256,14.400511742,1137737.345307
pack_pk_n,16384,128,128,15.467519760,1059251.919770
pack_pk_n,16384,192,86,6.312960148,2595295.965168
pack_pk_n,16384,256,64,7.249919891,2259887.039515
pack_pk_n,16384,512,32,16.391168594,999562.655077
pack_pk_n,16384,1024,16,18.823167801,870416.721207
unpack_pk_n,16384,16,1024,3.211263895,5102040.983095
unpack_pk_n,16384,32,512,9.287679672,1764057.394116
unpack_pk_n,16384,64,256,11.385855675,1438978.366496
unpack_pk_n,16384,128,128,11.023360252,1486298.154545
unpack_pk_n,16384,192,86,4.675583839,3504161.311766
unpack_pk_n,16384,256,64,9.253888130,1770499.034514
unpack_pk_n,16384,512,32,11.262975693,1454677.737656
unpack_pk_n,16384,1024,16,11.037695885,1484367.767616
poly_frommsg_n,16384,16,1024,0.133120000,123076922.741867
poly_frommsg_n,16384,32,512,0.143360004,114285711.233257
poly_frommsg_n,16384,64,256,0.117760003,139130431.695336
poly_frommsg_n,16384,128,128,0.111616001,146788990.124590
poly_frommsg_n,16384,192,86,0.113664001,144144142.588841
poly_frommsg_n,16384,256,64,0.114688002,142857140.897683
poly_frommsg_n,16384,512,32,0.122879997,133333336.701617
poly_frommsg_n,16384,1024,16,0.150527999,108843538.279011
polyvec_invntt_n,16384,16,1024,24.052736282,681169.901323
polyvec_invntt_n,16384,32,512,14.341119766,1142449.143935
polyvec_invntt_n,16384,64,256,11.160575867,1468024.606946
polyvec_invntt_n,16384,128,128,11.031552315,1485194.425274
polyvec_invntt_n,16384,192,86,5.746687889,2851033.554664
polyvec_invntt_n,16384,256,64,10.255359650,1597603.649185
polyvec_invntt_n,16384,512,32,10.548224449,1553247.191408
polyvec_invntt_n,16384,1024,16,14.011391640,1169334.240402
poly_invntt_n,16384,16,1024,12.307456017,1331225.557742
poly_invntt_n,16384,32,512,6.600704193,2482159.406127
poly_invntt_n,16384,64,256,4.656127930,3518803.659911
poly_invntt_n,16384,128,128,4.604928017,3557927.494353
poly_invntt_n,16384,192,86,3.609568119,4539047.182275
poly_invntt_n,16384,256,64,4.607999802,3555555.708614
poly_invntt_n,16384,512,32,4.601856232,3560302.446473
poly_invntt_n,16384,1024,16,6.443008423,2542911.466931
poly_add_n,16384,16,1024,1.432576060,11436740.047593
poly_add_n,16384,32,512,0.459775984,35634745.093088
poly_add_n,16384,64,256,0.362496018,45197737.817581
poly_add_n,16384,128,128,0.354303986,46242776.415365
poly_add_n,16384,192,86,0.350207984,46783627.808626
poly_add_n,16384,256,64,0.356351972,45977015.155068
poly_add_n,16384,512,32,0.350207984,46783627.808626
poly_add_n,16384,1024,16,0.361472011,45325777.706104
poly_reduce_n,16384,16,1024,0.713728011,22955523.330206
poly_reduce_n,16384,32,512,0.402431995,40712468.731933
poly_reduce_n,16384,64,256,0.294912010,55555553.590508
poly_reduce_n,16384,128,128,0.292863995,55944056.930350
poly_reduce_n,16384,192,86,0.288767993,56737589.939404
poly_reduce_n,16384,256,64,0.295935988,55363323.964518
poly_reduce_n,16384,512,32,0.291840017,56140347.637372
poly_reduce_n,16384,1024,16,0.304127991,53872055.430942
pack_ciphertext_n,16384,16,1024,10.207232475,1605136.361857
pack_ciphertext_n,16384,32,512,14.035967827,1167286.802173
pack_ciphertext_n,16384,64,256,12.681216240,1291989.639638
pack_ciphertext_n,16384,128,128,13.350912094,1227182.074491
pack_ciphertext_n,16384,192,86,5.951488018,2752924.974452
pack_ciphertext_n,16384,256,64,15.183872223,1079039.638867
pack_ciphertext_n,16384,512,32,16.364543915,1001188.917046
pack_ciphertext_n,16384,1024,16,16.240640640,1008827.198564
unpack_ciphertext_n,16384,16,1024,4.117504120,3979109.558366
unpack_ciphertext_n,16384,32,512,12.326911926,1329124.447225
unpack_ciphertext_n,16384,64,256,13.430784225,1219884.090531
unpack_ciphertext_n,16384,128,128,12.936191559,1266524.225888
unpack_ciphertext_n,16384,192,86,5.145599842,3184079.699716
unpack_ciphertext_n,16384,256,64,13.088768005,1251760.287391
unpack_ciphertext_n,16384,512,32,14.070783615,1164398.547242
unpack_ciphertext_n,16384,1024,16,14.164992332,1156654.350067
unpack_sk_n,16384,16,1024,3.121151924,5249343.959618
unpack_sk_n,16384,32,512,8.317952156,1969715.585350
unpack_sk_n,16384,64,256,10.262528419,1596487.661742
unpack_sk_n,16384,128,128,10.086400032,1624365.477073
unpack_sk_n,16384,192,86,4.025343895,4070211.248415
unpack_sk_n,16384,256,64,10.051584244,1629991.810510
unpack_sk_n,16384,512,32,10.165247917,1611765.904137
unpack_sk_n,16384,1024,16,9.639936447,1699596.267033
poly_sub_n,16384,16,1024,0.752640009,21768707.224814
poly_sub_n,16384,32,512,0.231424004,70796459.002426
poly_sub_n,16384,64,256,0.180224001,90909090.199054
poly_sub_n,16384,128,128,0.180224001,90909090.199054
poly_sub_n,16384,192,86,0.177151993,92485552.830730
poly_sub_n,16384,256,64,0.181247994,90395483.066955
poly_sub_n,16384,512,32,0.176128000,93023255.802872
poly_sub_n,16384,1024,16,0.183295995,89385477.300068
poly_tomsg_n,16384,16,1024,1.233919978,13278008.533968
poly_tomsg_n,16384,32,512,1.059839964,15458937.724437
poly_tomsg_n,16384,64,256,0.392192006,41775456.268114
poly_tomsg_n,16384,128,128,0.390143991,41994751.676946
poly_tomsg_n,16384,192,86,0.386047989,42440319.497382
poly_tomsg_n,16384,256,64,0.414719999,39506172.950339
poly_tomsg_n,16384,512,32,1.012735963,16177958.126031
poly_tomsg_n,16384,1024,16,1.114112020,14705882.095035
sha3_512_n,32768,16,2048,0.351743996,93158661.865678
sha3_512_n,32768,32,1024,0.489823997,66897498.283682
sha3_512_n,32768,64,512,0.345344007,94885098.146658
sha3_512_n,32768,128,256,0.573855996,57101433.497034
sha3_512_n,32768,192,171,0.630688012,51955958.247036
sha3_512_n,32768,256,128,0.635136008,51592099.288520
sha3_512_n,32768,512,64,0.695263982,47130299.939115
gen_matrix_n,32768,16,2048,146.304000854,223972.002191
gen_matrix_n,32768,32,1024,102.322174072,320243.391006
gen_matrix_n,32768,64,512,102.151168823,320779.491586
gen_matrix_n,32768,128,256,104.151039124,314620.000681
gen_matrix_n,32768,192,171,118.584320068,276326.583322
gen_matrix_n,32768,256,128,106.258430481,308380.237236
poly_getnoise,32768,16,2048,9.646079063,3397027.930683
poly_getnoise,32768,32,1024,4.298751831,7622677.765039
poly_getnoise,32768,64,512,4.267008305,7679385.100963
poly_getnoise,32768,128,256,4.315135956,7593735.246250
poly_getnoise,32768,192,171,5.562367916,5891016.289144
poly_getnoise,32768,256,128,4.623360157,7087485.916557
polyvec_ntt_n,32768,16,2048,198.054916382,165449.061294
polyvec_ntt_n,32768,32,1024,112.447486877,291407.135099
polyvec_ntt_n,32768,64,512,110.363647461,296909.360590
polyvec_ntt_n,32768,128,256,104.160255432,314592.162472
polyvec_ntt_n,32768,192,171,106.387458801,308006.229016
polyvec_ntt_n,32768,256,128,104.393722534,313888.605603
polyvec_ntt_n,32768,512,64,105.413627625,310851.649245
polyvec_ntt_n,32768,1024,32,57.505794525,569820.837545
polyvec_pointwise_acc_n,32768,16,2048,221.102096558,148203.027064
polyvec_pointwise_acc_n,32768,32,1024,132.376571655,247536.248977
polyvec_pointwise_acc_n,32768,64,512,131.390457153,249394.063389
polyvec_pointwise_acc_n,32768,128,256,129.271804810,253481.414979
polyvec_pointwise_acc_n,32768,192,171,125.004798889,262133.936386
polyvec_pointwise_acc_n,32768,256,128,125.479942322,261141.337760
polyvec_pointwise_acc_n,32768,512,64,123.797500610,264690.319582
polyvec_pointwise_acc_n,32768,1024,32,87.003524780,376628.419168
poly_frommont_n,32768,16,2048,5.027839661,6517312.048849
poly_frommont_n,32768,32,1024,1.356800079,24150941.983879
poly_frommont_n,32768,64,512,1.242112041,26380873.005860
poly_frommont_n,32768,128,256,1.227776051,26688906.323633
poly_frommont_n,32768,192,171,1.238016009,26468155.300927
poly_frommont_n,32768,256,128,1.225728035,26733499.654936
poly_frommont_n,32768,512,64,1.216511965,26936027.715471
poly_frommont_n,32768,1024,32,1.226751924,26711186.973222
polyvec_add_n,32768,16,2048,14.180352211,2310802.969660
polyvec_add_n,32768,32,1024,7.416831970,4418058.833150
polyvec_add_n,32768,64,512,7.145472050,4585841.183343
polyvec_add_n,32768,128,256,6.689792156,4898208.977918
polyvec_add_n,32768,192,171,6.743040085,4859529.171964
polyvec_add_n,32768,256,128,6.596608162,4967401.306194
polyvec_add_n,32768,512,64,6.589440346,4972804.711870
polyvec_add_n,32768,1024,32,5.615615845,5835156.981183
polyvec_reduce_n,32768,16,2048,11.967488289,2738084.985673
polyvec_reduce_n,32768,32,1024,6.202367783,5283143.655551
polyvec_reduce_n,32768,64,512,5.962751865,5495449.205293
polyvec_reduce_n,32768,128,256,4.838399887,6772486.930538
polyvec_reduce_n,32768,192,171,4.870143890,6728343.296945
polyvec_reduce_n,32768,256,128,5.102591991,6421834.247196
polyvec_reduce_n,32768,512,64,4.836352348,6775354.159490
polyvec_reduce_n,32768,1024,32,3.588096142,9132419.730376
pack_sk_n,32768,16,2048,15.235072136,2150826.704833
pack_sk_n,32768,32,1024,30.085119247,1089176.337660
pack_sk_n,32768,64,512,30.968832016,1058096.087805
pack_sk_n,32768,128,256,32.523265839,1007524.895027
pack_sk_n,32768,192,171,32.100353241,1020798.735578
pack_sk_n,32768,256,128,31.973375320,1024852.699210
pack_sk_n,32768,512,64,32.408576965,1011090.367684
pack_sk_n,32768,1024,32,13.093888283,2502541.589812
pack_pk_n,32768,16,2048,16.527360916,1982651.686877
pack_pk_n,32768,32,1024,31.475711823,1041056.678393
pack_pk_n,32768,64,512,34.111488342,960614.783829
pack_pk_n,32768,128,256,34.450431824,951163.694193
pack_pk_n,32768,192,171,34.596862793,947137.900800
pack_pk_n,32768,256,128,34.469886780,950626.853211
pack_pk_n,32768,512,64,33.876991272,967264.174582
pack_pk_n,32768,1024,32,13.821951866,2370721.611341
unpack_pk_n,32768,16,2048,7.038976192,4655222.450537
unpack_pk_n,32768,32,1024,19.484672546,1681732.136991
unpack_pk_n,32768,64,512,34.075649261,961625.110898
unpack_pk_n,32768,128,256,33.783809662,969932.057041
unpack_pk_n,32768,192,171,33.378303528,981715.561807
unpack_pk_n,32768,256,128,34.162689209,959175.075462
unpack_pk_n,32768,512,64,34.203647614,958026.476306
unpack_pk_n,32768,1024,32,8.274623871,3960059.153315
poly_frommsg_n,32768,16,2048,0.232447997,140969164.975322
poly_frommsg_n,32768,32,1024,0.263168007,124513615.301050
poly_frommsg_n,32768,64,512,0.327679992,100000002.526213
poly_frommsg_n,32768,128,256,0.319487989,102564106.111823
poly_frommsg_n,32768,192,171,0.302080005,108474574.329455
poly_frommsg_n,32768,256,128,0.272383988,120300757.222181
poly_frommsg_n,32768,512,64,0.323583990,101265825.809333
poly_frommsg_n,32768,1024,32,0.320479989,102246633.547849
polyvec_invntt_n,32768,16,2048,43.886592865,746651.718916
polyvec_invntt_n,32768,32,1024,25.569280624,1281537.814120
polyvec_invntt_n,32768,64,512,25.260032654,1297227.143333
polyvec_invntt_n,32768,128,256,24.328191757,1346914.736904
polyvec_invntt_n,32768,192,171,23.755775452,1379369.832262
polyvec_invntt_n,32768,256,128,23.780351639,1377944.300308
polyvec_invntt_n,32768,512,64,24.443904877,1340538.680922
polyvec_invntt_n,32768,1024,32,24.412160873,1342281.831171
poly_invntt_n,32768,16,2048,22.483966827,1457394.073366
poly_invntt_n,32768,32,1024,12.200960159,2685690.271271
poly_invntt_n,32768,64,512,10.761216164,3045008.993568
poly_invntt_n,32768,128,256,10.903552055,3005259.188348
poly_invntt_n,32768,192,171,10.313728333,3177124.599713
poly_invntt_n,32768,256,128,10.338304520,3169571.948447
poly_invntt_n,32768,512,64,10.769408226,3042692.719257
poly_invntt_n,32768,1024,32,8.957952499,3657978.762695
poly_add_n,32768,16,2048,2.794496059,11725906.676293
poly_add_n,32768,32,1024,0.802816033,40816324.834372
poly_add_n,32768,64,512,0.735231996,44568245.393123
poly_add_n,32768,128,256,0.719871998,45519203.550949
poly_add_n,32768,192,171,0.713728011,45911046.660413
poly_add_n,32768,256,128,0.709632039,46176043.633737
poly_add_n,32768,512,64,0.711679995,46043165.787228
poly_add_n,32768,1024,32,0.712704003,45977011.309932
poly_reduce_n,32768,16,2048,2.494463921,13136289.416528
poly_reduce_n,32768,32,1024,0.679936051,48192767.443406
poly_reduce_n,32768,64,512,0.602111995,54421769.139506
poly_reduce_n,32768,128,256,0.596992016,54888506.262465
poly_reduce_n,32768,192,171,0.612352014,53511704.498206
poly_reduce_n,32768,256,128,0.596992016,54888506.262465
poly_reduce_n,32768,512,64,0.595968008,54982817.127534
poly_reduce_n,32768,1024,32,0.596992016,54888506.262465
pack_ciphertext_n,32768,16,2048,19.067903519,1718489.920400
pack_ciphertext_n,32768,32,1024,28.502016068,1149673.059000
pack_ciphertext_n,32768,64,512,24.651775360,1329234.893687
pack_ciphertext_n,32768,128,256,26.625024796,1230721.858539
pack_ciphertext_n,32768,192,171,26.723327637,1226194.598422
pack_ciphertext_n,32768,256,128,29.379583359,1115332.358525
pack_ciphertext_n,32768,512,64,28.998655319,1129983.429897
pack_ciphertext_n,32768,1024,32,29.607936859,1106730.271545
unpack_ciphertext_n,32768,16,2048,8.217599869,3987539.004486
unpack_ciphertext_n,32768,32,1024,22.605823517,1449537.990756
unpack_ciphertext_n,32768,64,512,29.688831329,1103714.714685
unpack_ciphertext_n,32768,128,256,29.833215714,1098373.045490
unpack_ciphertext_n,32768,192,171,27.745279312,1181029.739559
unpack_ciphertext_n,32768,256,128,30.049280167,1090475.373064
unpack_ciphertext_n,32768,512,64,25.829376221,1268633.037051
unpack_ciphertext_n,32768,1024,32,25.842687607,1267979.573122
unpack_sk_n,32768,16,2048,6.090752125,5379959.540079
unpack_sk_n,32768,32,1024,17.306623459,1893379.149196
unpack_sk_n,32768,64,512,32.299007416,1014520.340461
unpack_sk_n,32768,128,256,32.160766602,1018881.185451
unpack_sk_n,32768,192,171,31.951871872,1025542.419903
unpack_sk_n,32768,256,128,32.285694122,1014938.686957
unpack_sk_n,32768,512,64,32.514049530,1007810.484195
unpack_sk_n,32768,1024,32,18.059263229,1814470.478879
poly_sub_n,32768,16,2048,1.405951977,23306628.207272
poly_sub_n,32768,32,1024,0.403456002,81218273.613677
poly_sub_n,32768,64,512,0.365568012,89635851.399597
poly_sub_n,32768,128,256,0.359423995,91168092.431777
poly_sub_n,32768,192,171,0.364544004,89887639.413355
poly_sub_n,32768,256,128,0.356352001,91954022.619865
poly_sub_n,32768,512,64,0.357376009,91690542.045569
poly_sub_n,32768,1024,32,0.361472011,90651555.412208
poly_tomsg_n,32768,16,2048,2.357248068,13900955.290550
poly_tomsg_n,32768,32,1024,2.053119898,15960100.544754
poly_tomsg_n,32768,64,512,2.002943993,16359918.260731
poly_tomsg_n,32768,128,256,2.034687996,16104680.455115
poly_tomsg_n,32768,192,171,2.079744101,15755784.565519
poly_tomsg_n,32768,256,128,2.144256115,15281756.582802
poly_tomsg_n,32768,512,64,2.207743883,14842301.342264
poly_tomsg_n,32768,1024,32,0.935935974,35010941.887100
